a,b,c,label
0.802234375,0.017681419,0.802234375,Standing
0.808484375,0.020150986,0.808484375,Standing
0.816015625,0.025214698,0.816015625,Standing
0.820679688,0.01973652,0.820679688,Standing
0.816710938,0.020071416,0.816710938,Standing
0.816992188,0.03736925,0.816992188,Standing
0.819570313,0.035918676,0.819570313,Standing
0.817804688,0.033725699,0.817804688,Standing
0.81884375,0.02659812,0.81884375,Standing
0.816125,0.027809902,0.816125,Standing
0.819453125,0.031455042,0.819453125,Standing
0.812765625,0.030604709,0.812765625,Standing
0.818375,0.019761468,0.818375,Standing
0.815796875,0.019069511,0.815796875,Standing
0.8174375,0.018547553,0.8174375,Standing
0.820257813,0.01856839,0.820257813,Standing
0.8156875,0.016353875,0.8156875,Standing
0.817703125,0.018216304,0.817703125,Standing
0.819875,0.017361056,0.819875,Standing
0.818804688,0.016080879,0.818804688,Standing
0.817601563,0.016792083,0.817601563,Standing
0.819984375,0.016737395,0.819984375,Standing
0.817164063,0.01589358,0.817164063,Standing
0.817695313,0.017533253,0.817695313,Standing
0.817453125,0.018444113,0.817453125,Standing
0.820570313,0.038973886,0.820570313,Standing
0.816164063,0.042603326,0.816164063,Standing
0.820429688,0.052389271,0.820429688,Standing
0.820484375,0.018041612,0.820484375,Standing
0.818773438,0.019982107,0.818773438,Standing
0.819195313,0.01857378,0.819195313,Standing
0.82040625,0.018611336,0.82040625,Standing
0.818257813,0.017072111,0.818257813,Standing
0.8200625,0.016417764,0.8200625,Standing
0.818296875,0.018644436,0.818296875,Standing
0.818828125,0.018896143,0.818828125,Standing
0.817523438,0.0186832,0.817523438,Standing
0.818851563,0.017994396,0.818851563,Standing
0.819242188,0.016044735,0.819242188,Standing
0.82159375,0.019217683,0.82159375,Standing
0.820375,0.017016077,0.820375,Standing
0.8178125,0.016519756,0.8178125,Standing
0.818398438,0.016437543,0.818398438,Standing
0.816695313,0.016734395,0.816695313,Standing
0.81775,0.01838945,0.81775,Standing
0.818726563,0.017971642,0.818726563,Standing
0.817257813,0.017878167,0.817257813,Standing
0.819664063,0.017750562,0.819664063,Standing
0.81765625,0.017900959,0.81765625,Standing
0.815867188,0.017229776,0.815867188,Standing
0.820398438,0.017134733,0.820398438,Standing
0.817648438,0.016662828,0.817648438,Standing
0.819851563,0.015832665,0.819851563,Standing
0.81734375,0.018677542,0.81734375,Standing
0.81903125,0.014321606,0.81903125,Standing
0.819101563,0.017562762,0.819101563,Standing
0.818789063,0.018559302,0.818789063,Standing
0.816453125,0.018132696,0.816453125,Standing
0.818382813,0.018931258,0.818382813,Standing
0.816835938,0.01738389,0.816835938,Standing
0.818601563,0.016098496,0.818601563,Standing
0.817765625,0.016735294,0.817765625,Standing
0.818265625,0.018401972,0.818265625,Standing
0.817265625,0.016622408,0.817265625,Standing
0.816875,0.016008787,0.816875,Standing
0.816539063,0.017592569,0.816539063,Standing
0.813015625,0.018651401,0.813015625,Standing
0.82015625,0.01776691,0.82015625,Standing
0.816828125,0.017925239,0.816828125,Standing
0.817671875,0.015066057,0.817671875,Standing
0.819546875,0.017119004,0.819546875,Standing
0.818101563,0.017828979,0.818101563,Standing
0.820070313,0.01898609,0.820070313,Standing
0.815867188,0.015988947,0.815867188,Standing
0.816453125,0.017111244,0.816453125,Standing
0.816546875,0.019762994,0.816546875,Standing
0.81665625,0.016569191,0.81665625,Standing
0.817617188,0.017878112,0.817617188,Standing
0.817429688,0.014756187,0.817429688,Standing
0.819265625,0.017866468,0.819265625,Standing
0.818898438,0.017885853,0.818898438,Standing
0.816304688,0.016653903,0.816304688,Standing
0.816148438,0.016645706,0.816148438,Standing
0.818734375,0.01603243,0.818734375,Standing
0.81975,0.017942617,0.81975,Standing
0.818421875,0.017520795,0.818421875,Standing
0.818648438,0.017385604,0.818648438,Standing
0.817484375,0.016598656,0.817484375,Standing
0.817007813,0.014658347,0.817007813,Standing
0.821648438,0.018091603,0.821648438,Standing
0.818195313,0.016548725,0.818195313,Standing
0.817515625,0.016797035,0.817515625,Standing
0.817484375,0.018082703,0.817484375,Standing
0.816914063,0.016010752,0.816914063,Standing
0.818375,0.016152109,0.818375,Standing
0.816328125,0.016714098,0.816328125,Standing
0.815875,0.017865819,0.815875,Standing
0.817796875,0.017527371,0.817796875,Standing
0.815492188,0.018588469,0.815492188,Standing
0.8178125,0.017456531,0.8178125,Standing
0.816320313,0.018032494,0.816320313,Standing
0.815921875,0.016682049,0.815921875,Standing
0.815351563,0.016283902,0.815351563,Standing
0.817515625,0.015311854,0.817515625,Standing
0.819242188,0.015748882,0.819242188,Standing
0.816039063,0.015785873,0.816039063,Standing
0.817375,0.014509157,0.817375,Standing
0.819078125,0.01685629,0.819078125,Standing
0.816859375,0.016655393,0.816859375,Standing
0.818296875,0.016268912,0.818296875,Standing
0.818835938,0.018122749,0.818835938,Standing
0.817609375,0.017126932,0.817609375,Standing
0.816726563,0.018141249,0.816726563,Standing
0.818570313,0.014832757,0.818570313,Standing
0.81709375,0.015430508,0.81709375,Standing
0.815695313,0.015609772,0.815695313,Standing
0.816945313,0.016520966,0.816945313,Standing
0.8188125,0.018749479,0.8188125,Standing
0.817164063,0.017325819,0.817164063,Standing
0.81540625,0.016803291,0.81540625,Standing
0.81621875,0.016668616,0.81621875,Standing
0.818851563,0.01686439,0.818851563,Standing
0.81646875,0.015527666,0.81646875,Standing
0.814960938,0.017333765,0.814960938,Standing
0.815984375,0.016926304,0.815984375,Standing
0.817492188,0.017768035,0.817492188,Standing
0.81771875,0.019167411,0.81771875,Standing
0.817664063,0.018261245,0.817664063,Standing
0.821820313,0.018654521,0.821820313,Standing
0.818710938,0.016334469,0.818710938,Standing
0.814789063,0.015811217,0.814789063,Standing
0.815773438,0.017069351,0.815773438,Standing
0.816703125,0.01900837,0.816703125,Standing
0.817023438,0.017148007,0.817023438,Standing
0.814203125,0.018568017,0.814203125,Standing
0.813734375,0.018118311,0.813734375,Standing
0.818117188,0.018801023,0.818117188,Standing
0.81640625,0.019582533,0.81640625,Standing
0.821109375,0.017059287,0.821109375,Standing
0.818125,0.021331462,0.818125,Standing
0.821234375,0.017632748,0.821234375,Standing
0.81559375,0.018267302,0.81559375,Standing
0.807273438,0.016974574,0.807273438,Standing
0.806234375,0.015758175,0.806234375,Standing
0.804132813,0.019054761,0.804132813,Standing
0.807,0.017370503,0.807,Standing
0.802539063,0.021830634,0.802539063,Standing
0.80525,0.019580762,0.80525,Standing
0.80334375,0.0176646,0.80334375,Standing
0.798140625,0.018288373,0.798140625,Standing
0.803390625,0.017180673,0.803390625,Standing
0.8043125,0.018345959,0.8043125,Standing
0.800703125,0.016825093,0.800703125,Standing
0.803578125,0.018729409,0.803578125,Standing
0.804945313,0.019311715,0.804945313,Standing
0.800828125,0.017870677,0.800828125,Standing
0.801617188,0.016273599,0.801617188,Standing
0.80434375,0.01836115,0.80434375,Standing
0.801164063,0.020259943,0.801164063,Standing
0.801890625,0.017763742,0.801890625,Standing
0.8045625,0.018526059,0.8045625,Standing
0.798632813,0.018352823,0.798632813,Standing
0.80290625,0.019107197,0.80290625,Standing
0.80140625,0.016027046,0.80140625,Standing
0.7986875,0.029780381,0.7986875,Standing
0.806960938,0.018701355,0.806960938,Standing
0.808734375,0.027332297,0.808734375,Standing
0.82225,0.021224249,0.82225,Standing
0.82178125,0.017195992,0.82178125,Standing
0.82071875,0.016228321,0.82071875,Standing
0.824375,0.01661842,0.824375,Standing
0.820320313,0.01971751,0.820320313,Standing
0.821421875,0.021705633,0.821421875,Standing
0.802101563,0.023875929,0.802101563,Standing
0.783726563,0.026460382,0.783726563,Standing
0.086570313,0.017987706,0.086570313,Standing
0.084648438,0.019340934,0.084648438,Standing
0.07765625,0.028118176,0.07765625,Standing
0.070578125,0.014619448,0.070578125,Standing
0.069648438,0.017124813,0.069648438,Standing
0.072,0.018953891,0.072,Standing
0.070125,0.017125,0.070125,Standing
0.07409375,0.03649303,0.07409375,Standing
0.072132813,0.022375828,0.072132813,Standing
0.070125,0.01706147,0.070125,Standing
0.074257813,0.021813573,0.074257813,Standing
0.068320313,0.018560262,0.068320313,Standing
0.06984375,0.016499734,0.06984375,Standing
0.070046875,0.019057011,0.070046875,Standing
0.072359375,0.018252455,0.072359375,Standing
0.074109375,0.018095335,0.074109375,Standing
0.068914063,0.017393438,0.068914063,Standing
0.072,0.017464697,0.072,Standing
0.06996875,0.016458726,0.06996875,Standing
0.07275,0.017448585,0.07275,Standing
0.076101563,0.016407334,0.076101563,Standing
0.070148438,0.017861048,0.070148438,Standing
0.072757813,0.016992988,0.072757813,Standing
0.0715625,0.019389813,0.0715625,Standing
0.072148438,0.016700996,0.072148438,Standing
0.071148438,0.022141974,0.071148438,Standing
0.069265625,0.028799545,0.069265625,Standing
0.0695,0.071519556,0.0695,Standing
0.072835938,0.019486685,0.072835938,Standing
0.067835938,0.017263481,0.067835938,Standing
0.068257813,0.017757589,0.068257813,Standing
0.073539063,0.017336694,0.073539063,Standing
0.070726563,0.016216174,0.070726563,Standing
0.069695313,0.017194003,0.069695313,Standing
0.070773438,0.018150506,0.070773438,Standing
0.069335938,0.018863522,0.069335938,Standing
0.071726563,0.019419189,0.071726563,Standing
0.071992188,0.016535708,0.071992188,Standing
0.070992188,0.016885874,0.070992188,Standing
0.071523438,0.015179121,0.071523438,Standing
0.072882813,0.017214012,0.072882813,Standing
0.071765625,0.016301114,0.071765625,Standing
0.070609375,0.018096631,0.070609375,Standing
0.069804688,0.016248105,0.069804688,Standing
0.069640625,0.018535327,0.069640625,Standing
0.069796875,0.015279357,0.069796875,Standing
0.069164063,0.018724473,0.069164063,Standing
0.070382813,0.01994411,0.070382813,Standing
0.073023438,0.017537667,0.073023438,Standing
0.068953125,0.016060364,0.068953125,Standing
0.069695313,0.01732076,0.069695313,Standing
0.071585938,0.018706837,0.071585938,Standing
0.07453125,0.019251598,0.07453125,Standing
0.07196875,0.01781017,0.07196875,Standing
0.072226563,0.016409417,0.072226563,Standing
0.069796875,0.017175728,0.069796875,Standing
0.07409375,0.018157057,0.07409375,Standing
0.071257813,0.015777875,0.071257813,Standing
0.069328125,0.017563772,0.069328125,Standing
0.07025,0.018145678,0.07025,Standing
0.07053125,0.016158365,0.07053125,Standing
0.070679688,0.015485343,0.070679688,Standing
0.07021875,0.017110367,0.07021875,Standing
0.069046875,0.017996901,0.069046875,Standing
0.07078125,0.015999969,0.07078125,Standing
0.067023438,0.018484988,0.067023438,Standing
0.068265625,0.017779678,0.068265625,Standing
0.072296875,0.018177235,0.072296875,Standing
0.07071875,0.017227312,0.07071875,Standing
0.067039063,0.01743488,0.067039063,Standing
0.071546875,0.017049496,0.071546875,Standing
0.072351563,0.016167864,0.072351563,Standing
0.067875,0.017336288,0.067875,Standing
0.070820313,0.017351798,0.070820313,Standing
0.071484375,0.014874992,0.071484375,Standing
0.070195313,0.015402444,0.070195313,Standing
0.071757813,0.016231598,0.071757813,Standing
0.071101563,0.016801618,0.071101563,Standing
0.073007813,0.016792156,0.073007813,Standing
0.07140625,0.019212397,0.07140625,Standing
0.071046875,0.017264423,0.071046875,Standing
0.0700625,0.017840767,0.0700625,Standing
0.071375,0.016973785,0.071375,Standing
0.068664063,0.020540842,0.068664063,Standing
0.073523438,0.016280243,0.073523438,Standing
0.072039063,0.017927982,0.072039063,Standing
0.070203125,0.016604009,0.070203125,Standing
0.072367188,0.017332173,0.072367188,Standing
0.07009375,0.01796065,0.07009375,Standing
0.071984375,0.017959583,0.071984375,Standing
0.07171875,0.015998016,0.07171875,Standing
0.070101563,0.01777456,0.070101563,Standing
0.072875,0.01743694,0.072875,Standing
0.069453125,0.018832676,0.069453125,Standing
0.068929688,0.016270268,0.068929688,Standing
0.0720625,0.016878588,0.0720625,Standing
0.070070313,0.0184743,0.070070313,Standing
0.070867188,0.016758566,0.070867188,Standing
0.072773438,0.017974033,0.072773438,Standing
0.070710938,0.019557668,0.070710938,Standing
0.06953125,0.018500818,0.06953125,Standing
0.070015625,0.01601561,0.070015625,Standing
0.073132813,0.016925559,0.073132813,Standing
0.072398438,0.016749692,0.072398438,Standing
0.068695313,0.016563117,0.068695313,Standing
0.067742188,0.020248552,0.067742188,Standing
0.070984375,0.017347994,0.070984375,Standing
0.070804688,0.018284667,0.070804688,Standing
0.0698125,0.018307166,0.0698125,Standing
0.070445313,0.016336696,0.070445313,Standing
0.067632813,0.017625386,0.067632813,Standing
0.070328125,0.017758409,0.070328125,Standing
0.069992188,0.017460445,0.069992188,Standing
0.069953125,0.014993154,0.069953125,Standing
0.068,0.016349694,0.068,Standing
0.069296875,0.018700083,0.069296875,Standing
0.066921875,0.015853632,0.066921875,Standing
0.0705,0.016224018,0.0705,Standing
0.070914063,0.017676798,0.070914063,Standing
0.069640625,0.015770688,0.069640625,Standing
0.069664063,0.016392775,0.069664063,Standing
0.069953125,0.017321798,0.069953125,Standing
0.069460938,0.01580541,0.069460938,Standing
0.070890625,0.017941413,0.070890625,Standing
0.070125,0.016568985,0.070125,Standing
0.071234375,0.01752609,0.071234375,Standing
0.070851563,0.016955406,0.070851563,Standing
0.070085938,0.017432471,0.070085938,Standing
0.069773438,0.016728164,0.069773438,Standing
0.075273438,0.015034188,0.075273438,Standing
0.07146875,0.017681619,0.07146875,Standing
0.06878125,0.015396295,0.06878125,Standing
0.07421875,0.018569522,0.07421875,Standing
0.070890625,0.017644597,0.070890625,Standing
0.067601563,0.020057083,0.067601563,Standing
0.072257813,0.017164301,0.072257813,Standing
0.070539063,0.016935495,0.070539063,Standing
0.071453125,0.019357597,0.071453125,Standing
0.069226563,0.016730032,0.069226563,Standing
0.071242188,0.023378926,0.071242188,Standing
0.07296875,0.018246976,0.07296875,Standing
0.07184375,0.0189157,0.07184375,Standing
0.08715625,0.017185767,0.08715625,Standing
0.088265625,0.016868278,0.088265625,Standing
0.0905,0.017449481,0.0905,Standing
0.087882813,0.017531499,0.087882813,Standing
0.09015625,0.017024999,0.09015625,Standing
0.09378125,0.019983563,0.09378125,Standing
0.09340625,0.018513693,0.09340625,Standing
0.092289063,0.015812946,0.092289063,Standing
0.0915625,0.018862061,0.0915625,Standing
0.096953125,0.018084809,0.096953125,Standing
0.095804688,0.017481713,0.095804688,Standing
0.0965625,0.018179981,0.0965625,Standing
0.095421875,0.016281033,0.095421875,Standing
0.095679688,0.016394994,0.095679688,Standing
0.09484375,0.018668756,0.09484375,Standing
0.099359375,0.017161792,0.099359375,Standing
0.096898438,0.020235658,0.096898438,Standing
0.09546875,0.017470483,0.09546875,Standing
0.095507813,0.017835181,0.095507813,Standing
0.096046875,0.019638872,0.096046875,Standing
0.097148438,0.017974413,0.097148438,Standing
0.093515625,0.017683849,0.093515625,Standing
0.096757813,0.04424148,0.096757813,Standing
0.095265625,0.017225746,0.095265625,Standing
0.08865625,0.045004763,0.08865625,Standing
0.072070313,0.02004923,0.072070313,Standing
0.07053125,0.016062834,0.07053125,Standing
0.07346875,0.016091019,0.07346875,Standing
0.073953125,0.018600176,0.073953125,Standing
0.07346875,0.018717446,0.07346875,Standing
0.077007813,0.020597518,0.077007813,Standing
0.086304688,0.018873989,0.086304688,Standing
0.100765625,0.021475453,0.100765625,Standing
9.784460938,0.02244469,9.784460938,Standing
9.776882813,0.03861319,9.776882813,Standing
9.780007813,0.068969365,9.780007813,Standing
9.779039063,0.022229064,9.779039063,Standing
9.781828125,0.030095969,9.781828125,Standing
9.781023438,0.028054207,9.781023438,Standing
9.78003125,0.024433244,9.78003125,Standing
9.779515625,0.044779666,9.779515625,Standing
9.78078125,0.028441535,9.78078125,Standing
9.777945313,0.023467833,9.777945313,Standing
9.776765625,0.04246386,9.776765625,Standing
9.776992188,0.023450245,9.776992188,Standing
9.779578125,0.021197954,9.779578125,Standing
9.780492188,0.021523605,9.780492188,Standing
9.776679688,0.055911053,9.776679688,Standing
9.779164063,0.020653305,9.779164063,Standing
9.779039063,0.021151759,9.779039063,Standing
9.780734375,0.019784971,9.780734375,Standing
9.778671875,0.02123349,9.778671875,Standing
9.780390625,0.020800103,9.780390625,Standing
9.781796875,0.021119215,9.781796875,Standing
9.77825,0.020176564,9.77825,Standing
9.779757813,0.017116214,9.779757813,Standing
9.779679688,0.022262964,9.779679688,Standing
9.77703125,0.027012421,9.77703125,Standing
9.777039063,0.040480397,9.777039063,Standing
9.779953125,0.044355253,9.779953125,Standing
9.776820313,0.084172854,9.776820313,Standing
9.7781875,0.020989488,9.7781875,Standing
9.775132813,0.021216654,9.775132813,Standing
9.779414063,0.019220565,9.779414063,Standing
9.77909375,0.019399757,9.77909375,Standing
9.77921875,0.019622188,9.77921875,Standing
9.77821875,0.021444309,9.77821875,Standing
9.776421875,0.022785895,9.776421875,Standing
9.779992188,0.02273643,9.779992188,Standing
9.774304688,0.024154308,9.774304688,Standing
9.777796875,0.020823049,9.777796875,Standing
9.775210938,0.020530713,9.775210938,Standing
9.77896875,0.019569962,9.77896875,Standing
9.7766875,0.020792783,9.7766875,Standing
9.77646875,0.021911019,9.77646875,Standing
9.775898438,0.02000892,9.775898438,Standing
9.7784375,0.021584771,9.7784375,Standing
9.777609375,0.019983288,9.777609375,Standing
9.779859375,0.019922402,9.779859375,Standing
9.779210938,0.021268247,9.779210938,Standing
9.774429688,0.021733716,9.774429688,Standing
9.777945313,0.019849161,9.777945313,Standing
9.778515625,0.020920603,9.778515625,Standing
9.777546875,0.020203596,9.777546875,Standing
9.773,0.020847287,9.773,Standing
9.775992188,0.022991675,9.775992188,Standing
9.77628125,0.022219409,9.77628125,Standing
9.777820313,0.018248901,9.777820313,Standing
9.774515625,0.020316628,9.774515625,Standing
9.7766875,0.023383939,9.7766875,Standing
9.776320313,0.020123421,9.776320313,Standing
9.775445313,0.021694905,9.775445313,Standing
9.775320313,0.020289673,9.775320313,Standing
9.774171875,0.023022445,9.774171875,Standing
9.775234375,0.019957958,9.775234375,Standing
9.776414063,0.01833905,9.776414063,Standing
9.774585938,0.022561211,9.774585938,Standing
9.77778125,0.020873105,9.77778125,Standing
9.774679687,0.020472899,9.774679687,Standing
9.775070313,0.019111181,9.775070313,Standing
9.779703125,0.022058289,9.779703125,Standing
9.774195313,0.021553008,9.774195313,Standing
9.779203125,0.022143128,9.779203125,Standing
9.776875,0.021140157,9.776875,Standing
9.773921875,0.024283678,9.773921875,Standing
9.775890625,0.021804972,9.775890625,Standing
9.771828125,0.019476793,9.771828125,Standing
9.772945313,0.020104535,9.772945313,Standing
9.77415625,0.022879247,9.77415625,Standing
9.775578125,0.019841406,9.775578125,Standing
9.77659375,0.021581038,9.77659375,Standing
9.775,0.020765807,9.775,Standing
9.773671875,0.02133553,9.773671875,Standing
9.77734375,0.023664794,9.77734375,Standing
9.777570313,0.020926838,9.777570313,Standing
9.773867188,0.019672066,9.773867188,Standing
9.773757813,0.020829196,9.773757813,Standing
9.775546875,0.021288149,9.775546875,Standing
9.77784375,0.021411678,9.77784375,Standing
9.773148438,0.020162655,9.773148438,Standing
9.777578125,0.022255129,9.777578125,Standing
9.7766875,0.021377102,9.7766875,Standing
9.776171875,0.01934074,9.776171875,Standing
9.77665625,0.019114964,9.77665625,Standing
9.77715625,0.020106139,9.77715625,Standing
9.776539063,0.018291008,9.776539063,Standing
9.774210938,0.020615775,9.774210938,Standing
9.774328125,0.020939686,9.774328125,Standing
9.773382813,0.021653565,9.773382813,Standing
9.775445313,0.020530012,9.775445313,Standing
9.774367188,0.023052207,9.774367188,Standing
9.780265625,0.019836631,9.780265625,Standing
9.770523438,0.021806308,9.770523438,Standing
9.771859375,0.021649457,9.771859375,Standing
9.775601563,0.021244977,9.775601563,Standing
9.77534375,0.021219256,9.77534375,Standing
9.777578125,0.021227418,9.777578125,Standing
9.779210938,0.021773569,9.779210938,Standing
9.778117188,0.020171771,9.778117188,Standing
9.778101563,0.019062742,9.778101563,Standing
9.774359375,0.020359171,9.774359375,Standing
9.775828125,0.021744291,9.775828125,Standing
9.776359375,0.02066917,9.776359375,Standing
9.7748125,0.021786876,9.7748125,Standing
9.773585938,0.021569846,9.773585938,Standing
9.775984375,0.020680979,9.775984375,Standing
9.778390625,0.020161161,9.778390625,Standing
9.776875,0.02106352,9.776875,Standing
9.774757812,0.021495183,9.774757812,Standing
9.77678125,0.017708551,9.77678125,Standing
9.773984375,0.020138576,9.773984375,Standing
9.77853125,0.022088932,9.77853125,Standing
9.776476563,0.02118887,9.776476563,Standing
9.775851563,0.020016044,9.775851563,Standing
9.772367188,0.020391432,9.772367188,Standing
9.774671875,0.019423773,9.774671875,Standing
9.775265625,0.02493444,9.775265625,Standing
9.773976563,0.020607366,9.773976563,Standing
9.775125,0.021929931,9.775125,Standing
9.774421875,0.021555383,9.774421875,Standing
9.776367188,0.041101032,9.776367188,Standing
9.776289063,0.022621599,9.776289063,Standing
9.772226563,0.022888048,9.772226563,Standing
9.776976563,0.023607952,9.776976563,Standing
9.775171875,0.01967633,9.775171875,Standing
9.776234375,0.026616044,9.776234375,Standing
9.776140625,0.020973471,9.776140625,Standing
9.774734375,0.095979692,9.774734375,Standing
9.773445313,0.04031629,9.773445313,Standing
9.778429688,0.021723289,9.778429688,Standing
9.776632813,0.112933254,9.776632813,Standing
9.777929688,0.024672601,9.777929688,Standing
9.775164063,0.208107348,9.775164063,Standing
9.775882812,0.018757757,9.775882812,Standing
9.778710938,0.10081195,9.778710938,Standing
9.776539063,0.023306686,9.776539063,Standing
9.779,0.065287465,9.779,Standing
9.777109375,0.023041143,9.777109375,Standing
9.776007813,0.046702432,9.776007813,Standing
9.77028125,0.069224943,9.77028125,Standing
9.789296875,0.165016304,9.789296875,Standing
9.779117188,0.02342462,9.779117188,Standing
9.77778125,0.096668242,9.77778125,Standing
9.777515625,0.019390713,9.777515625,Standing
9.78003125,0.101538473,9.78003125,Standing
9.78159375,0.020635012,9.78159375,Standing
9.78175,0.100160106,9.78175,Standing
9.783171875,0.023881252,9.783171875,Standing
9.778945313,0.020276722,9.778945313,Standing
9.780835938,0.08539639,9.780835938,Standing
9.779109375,0.023095669,9.779109375,Standing
9.782914063,0.095952383,9.782914063,Standing
9.780554688,0.019636465,9.780554688,Standing
9.783140625,0.087343139,9.783140625,Standing
9.782632813,0.022430403,9.782632813,Standing
9.779085938,0.099102459,9.779085938,Standing
9.78234375,0.020118958,9.78234375,Standing
9.78284375,0.348529375,9.78284375,Standing
9.7826875,0.019434485,9.7826875,Standing
9.783820313,0.143017287,9.783820313,Standing
9.784476563,0.040713934,9.784476563,Standing
9.780226563,0.020642498,9.780226563,Standing
9.779476563,0.020607555,9.779476563,Standing
9.778929688,0.021418882,9.778929688,Standing
9.781046875,0.020569569,9.781046875,Standing
9.771507813,0.093004536,9.771507813,Standing
9.790398438,0.11058017,9.790398438,Standing
9.782710938,0.164467139,9.782710938,Standing
5,5,5,Standing
5,5,5,Standing
5,5,5,Standing
5,5,5,Standing
5,5,5,Standing
5,5,5,Standing
5,5,5,Standing
5,5,5,Standing
5,5,5,Standing
5,5,5,Standing
5,5,5,Standing
5,5,5,Standing
5,5,5,Standing
5,5,5,Standing
5,5,5,Standing
5,5,5,Standing
5,5,5,Standing
5,5,5,Standing
5,5,5,Standing
5,5,5,Standing
5,5,5,Standing
5,5,5,Standing
5,5,5,Standing
5,5,5,Standing
5,5,5,Standing
5,5,5,Standing
5,5,5,Standing
5,5,5,Standing
5,5,5,Standing
5,5,5,Standing
5,5,5,Standing
5,5,5,Standing
5,5,5,Standing
5,5,5,Standing
5,5,5,Standing
5,5,5,Standing
5,5,5,Standing
5,5,5,Standing
5,5,5,Standing
5,5,5,Standing
5,5,5,Standing
5,5,5,Standing
5,5,5,Standing
5,5,5,Standing
5,5,5,Standing
5,5,5,Standing
5,5,5,Standing
5,5,5,Standing
5,5,5,Standing
5,5,5,Standing
5,5,5,Standing
5,5,5,Standing
5,5,5,Standing
5,5,5,Standing
5,5,5,Standing
5,5,5,Standing
5,5,5,Standing
5,5,5,Standing
5,5,5,Standing
5,5,5,Standing
5,5,5,Standing
5,5,5,Standing
5,5,5,Standing
5,5,5,Standing
5,5,5,Standing
5,5,5,Standing
5,5,5,Standing
5,5,5,Standing
5,5,5,Standing
5,5,5,Standing
5,5,5,Standing
5,5,5,Standing
5,5,5,Standing
5,5,5,Standing
5,5,5,Standing
5,5,5,Standing
5,5,5,Standing
5,5,5,Standing
5,5,5,Standing
5,5,5,Standing
5,5,5,Standing
5,5,5,Standing
5,5,5,Standing
5,5,5,Standing
5,5,5,Standing
5,5,5,Standing
5,5,5,Standing
5,5,5,Standing
5,5,5,Standing
5,5,5,Standing
5,5,5,Standing
5,5,5,Standing
5,5,5,Standing
5,5,5,Standing
5,5,5,Standing
5,5,5,Standing
5,5,5,Standing
5,5,5,Standing
5,5,5,Standing
5,5,5,Standing
5,5,5,Standing
5,5,5,Standing
5,5,5,Standing
5,5,5,Standing
5,5,5,Standing
5,5,5,Standing
5,5,5,Standing
5,5,5,Standing
5,5,5,Standing
5,5,5,Standing
5,5,5,Standing
5,5,5,Standing
5,5,5,Standing
5,5,5,Standing
5,5,5,Standing
5,5,5,Standing
5,5,5,Standing
5,5,5,Standing
5,5,5,Standing
5,5,5,Standing
5,5,5,Standing
5,5,5,Standing
5,5,5,Standing
5,5,5,Standing
5,5,5,Standing
5,5,5,Standing
5,5,5,Standing
5,5,5,Standing
5,5,5,Standing
5,5,5,Standing
5,5,5,Standing
5,5,5,Standing
5,5,5,Standing
5,5,5,Standing
5,5,5,Standing
5,5,5,Standing
5,5,5,Standing
5,5,5,Standing
5,5,5,Standing
5,5,5,Standing
5,5,5,Standing
5,5,5,Standing
5,5,5,Standing
5,5,5,Standing
5,5,5,Standing
5,5,5,Standing
5,5,5,Standing
5,5,5,Standing
5,5,5,Standing
5,5,5,Standing
5,5,5,Standing
5,5,5,Standing
5,5,5,Standing
5,5,5,Standing
5,5,5,Standing
5,5,5,Standing
5,5,5,Standing
5,5,5,Standing
5,5,5,Standing
5,5,5,Standing
5,5,5,Standing
5,5,5,Standing
5,5,5,Standing
5,5,5,Standing
5,5,5,Standing
5,5,5,Standing
5,5,5,Standing
5,5,5,Standing
5,5,5,Standing
5,5,5,Standing
5,5,5,Standing
5,5,5,Standing
5,5,5,Standing
5,5,5,Standing
5,5,5,Standing
0.822609375,0.017913522,0.822609375,Standing
0.82540625,0.017153916,0.82540625,Standing
0.825328125,0.019224866,0.825328125,Standing
0.82590625,0.01880884,0.82590625,Standing
0.824101563,0.016208524,0.824101563,Standing
0.82571875,0.016053104,0.82571875,Standing
0.82646875,0.01675883,0.82646875,Standing
0.826421875,0.059488787,0.826421875,Standing
0.828429688,0.023049771,0.828429688,Standing
0.826539063,0.059417209,0.826539063,Standing
0.826632813,0.058554044,0.826632813,Standing
0.831625,0.057927217,0.831625,Standing
0.827320313,0.033114369,0.827320313,Standing
0.82784375,0.018307033,0.82784375,Standing
0.829875,0.019896608,0.829875,Standing
0.829523438,0.026934517,0.829523438,Standing
0.829429688,0.022996496,0.829429688,Standing
0.831460937,0.018085691,0.831460937,Standing
0.830085938,0.018989317,0.830085938,Standing
0.828414063,0.017813499,0.828414063,Standing
0.828484375,0.026546535,0.828484375,Standing
0.828414063,0.020472744,0.828414063,Standing
0.827929688,0.018687054,0.827929688,Standing
0.82721875,0.018248261,0.82721875,Standing
0.828882813,0.017758634,0.828882813,Standing
0.829507813,0.019311993,0.829507813,Standing
0.82746875,0.019261335,0.82746875,Standing
0.827695313,0.017494891,0.827695313,Standing
0.824867188,0.019513766,0.824867188,Standing
0.82865625,0.018436732,0.82865625,Standing
0.828226563,0.019237908,0.828226563,Standing
0.8306875,0.018678091,0.8306875,Standing
0.830125,0.031775089,0.830125,Standing
0.832898438,0.04111376,0.832898438,Standing
0.82884375,0.042232511,0.82884375,Standing
0.82853125,0.023120924,0.82853125,Standing
0.826710938,0.018804152,0.826710938,Standing
0.827867188,0.01911984,0.827867188,Standing
0.828851563,0.039281057,0.828851563,Standing
0.823132813,0.035691467,0.823132813,Standing
0.828390625,0.029641671,0.828390625,Standing
0.829203125,0.032304547,0.829203125,Standing
0.832640625,0.024450439,0.832640625,Standing
0.825765625,0.025843424,0.825765625,Standing
0.829453125,0.035145425,0.829453125,Standing
0.829960938,0.023551606,0.829960938,Standing
0.828234375,0.016385247,0.828234375,Standing
0.827898438,0.019843859,0.827898438,Standing
0.828515625,0.017067414,0.828515625,Standing
0.826835938,0.017440424,0.826835938,Standing
0.826179688,0.019306505,0.826179688,Standing
0.825273438,0.0182764,0.825273438,Standing
0.8273125,0.016922503,0.8273125,Standing
0.827476563,0.019760664,0.827476563,Standing
0.826625,0.018581745,0.826625,Standing
0.822570313,0.017263438,0.822570313,Standing
0.824296875,0.017911832,0.824296875,Standing
0.826742188,0.017769903,0.826742188,Standing
0.829023438,0.026894605,0.829023438,Standing
0.826742188,0.021878302,0.826742188,Standing
0.823578125,0.02057593,0.823578125,Standing
0.826554688,0.018363435,0.826554688,Standing
0.824125,0.023326152,0.824125,Standing
0.827875,0.030711103,0.827875,Standing
0.825140625,0.018516772,0.825140625,Standing
0.826195313,0.024818421,0.826195313,Standing
0.8256875,0.02732494,0.8256875,Standing
0.825453125,0.022320065,0.825453125,Standing
0.8256875,0.024806045,0.8256875,Standing
0.825234375,0.019615238,0.825234375,Standing
0.826289063,0.023955738,0.826289063,Standing
0.823585938,0.020681562,0.823585938,Standing
0.824804688,0.023814406,0.824804688,Standing
0.823992188,0.018287417,0.823992188,Standing
0.824875,0.018222153,0.824875,Standing
0.82415625,0.017872132,0.82415625,Standing
0.824125,0.019911915,0.824125,Standing
0.825554688,0.018377044,0.825554688,Standing
0.8260625,0.020423543,0.8260625,Standing
0.828460938,0.019953032,0.828460938,Standing
0.823179688,0.018565102,0.823179688,Standing
0.827726563,0.020743868,0.827726563,Standing
0.823,0.021367689,0.823,Standing
0.822609375,0.019823138,0.822609375,Standing
0.82646875,0.037785153,0.82646875,Standing
0.821789063,0.018499853,0.821789063,Standing
0.823804688,0.028842259,0.823804688,Standing
0.82703125,0.019796992,0.82703125,Standing
0.82165625,0.018175549,0.82165625,Standing
0.822671875,0.019677918,0.822671875,Standing
0.822773438,0.038027789,0.822773438,Standing
0.826140625,0.018664695,0.826140625,Standing
0.825125,0.019996875,0.825125,Standing
0.825671875,0.022348137,0.825671875,Standing
0.825554688,0.019982339,0.825554688,Standing
0.824070313,0.018201641,0.824070313,Standing
0.822515625,0.019102513,0.822515625,Standing
0.82696875,0.019953045,0.82696875,Standing
0.823859375,0.018124454,0.823859375,Standing
0.824117188,0.020452927,0.824117188,Standing
0.822929688,0.021219531,0.822929688,Standing
0.827773438,0.02025124,0.827773438,Standing
0.824046875,0.022700791,0.824046875,Standing
0.824671875,0.019633004,0.824671875,Standing
0.826742188,0.018063363,0.826742188,Standing
0.824140625,0.02046099,0.824140625,Standing
0.827164063,0.017859161,0.827164063,Standing
0.825085938,0.020869396,0.825085938,Standing
0.823539063,0.020780814,0.823539063,Standing
0.824789063,0.035589599,0.824789063,Standing
0.826,0.034542546,0.826,Standing
0.824453125,0.019149029,0.824453125,Standing
0.824804688,0.020016813,0.824804688,Standing
0.825398438,0.016947686,0.825398438,Standing
0.824179688,0.020255568,0.824179688,Standing
0.82553125,0.019595893,0.82553125,Standing
0.827007813,0.018808864,0.827007813,Standing
0.8271875,0.017902405,0.8271875,Standing
0.822429688,0.018638705,0.822429688,Standing
0.823765625,0.018700136,0.823765625,Standing
0.826929688,0.018630529,0.826929688,Standing
0.825296875,0.017400772,0.825296875,Standing
0.820304688,0.036947505,0.820304688,Standing
0.830546875,0.030171608,0.830546875,Standing
0.82534375,0.029013315,0.82534375,Standing
0.8250625,0.024397666,0.8250625,Standing
0.82496875,0.029539152,0.82496875,Standing
0.8225625,0.02245786,0.8225625,Standing
0.81840625,0.017521165,0.81840625,Standing
0.812625,0.016880555,0.812625,Standing
0.0723125,0.018496516,0.0723125,Standing
0.073835938,0.016276794,0.073835938,Standing
0.069960938,0.018273274,0.069960938,Standing
0.073453125,0.016157844,0.073453125,Standing
0.06975,0.018218723,0.06975,Standing
0.073296875,0.015859421,0.073296875,Standing
0.070867188,0.016512008,0.070867188,Standing
0.071578125,0.057857801,0.071578125,Standing
0.07609375,0.021549521,0.07609375,Standing
0.074507813,0.06572635,0.074507813,Standing
0.070867188,0.038928695,0.070867188,Standing
0.0785,0.019138476,0.0785,Standing
0.077429688,0.017725196,0.077429688,Standing
0.079734375,0.015809157,0.079734375,Standing
0.0778125,0.017856087,0.0778125,Standing
0.077140625,0.016528732,0.077140625,Standing
0.081664063,0.017108239,0.081664063,Standing
0.082304688,0.016383852,0.082304688,Standing
0.080515625,0.016061398,0.080515625,Standing
0.083109375,0.017270474,0.083109375,Standing
0.077453125,0.01634437,0.077453125,Standing
0.080875,0.019681447,0.080875,Standing
0.079359375,0.01748961,0.079359375,Standing
0.081132813,0.017573227,0.081132813,Standing
0.080289063,0.020615965,0.080289063,Standing
0.077726563,0.015632356,0.077726563,Standing
0.079609375,0.017608252,0.079609375,Standing
0.080648438,0.018605103,0.080648438,Standing
0.076765625,0.01779022,0.076765625,Standing
0.080015625,0.017921262,0.080015625,Standing
0.077632813,0.017324509,0.077632813,Standing
0.08315625,0.016634132,0.08315625,Standing
0.081804688,0.01719014,0.081804688,Standing
0.079796875,0.023954175,0.079796875,Standing
0.078023438,0.021671722,0.078023438,Standing
0.076984375,0.017696656,0.076984375,Standing
0.076390625,0.016788777,0.076390625,Standing
0.076804688,0.016484869,0.076804688,Standing
0.07678125,0.017134093,0.07678125,Standing
0.080875,0.016994484,0.080875,Standing
0.077,0.024882851,0.077,Standing
0.0785625,0.019249493,0.0785625,Standing
0.078046875,0.01941281,0.078046875,Standing
0.075015625,0.018033382,0.075015625,Standing
0.078390625,0.021088443,0.078390625,Standing
0.082507813,0.019532423,0.082507813,Standing
0.078710938,0.018093141,0.078710938,Standing
0.078273438,0.01649134,0.078273438,Standing
0.078195313,0.017554851,0.078195313,Standing
0.076585938,0.016440958,0.076585938,Standing
0.077601563,0.016311106,0.077601563,Standing
0.078640625,0.019168959,0.078640625,Standing
0.075585938,0.017485497,0.075585938,Standing
0.077234375,0.018300651,0.077234375,Standing
0.076914063,0.01567294,0.076914063,Standing
0.079203125,0.016325,0.079203125,Standing
0.074304688,0.018111443,0.074304688,Standing
0.077132813,0.016325484,0.077132813,Standing
0.07721875,0.018596008,0.07721875,Standing
0.075929688,0.017640589,0.075929688,Standing
0.077398438,0.016974862,0.077398438,Standing
0.079460938,0.016426875,0.079460938,Standing
0.075570313,0.022586875,0.075570313,Standing
0.075328125,0.025254984,0.075328125,Standing
0.078375,0.017190568,0.078375,Standing
0.075960938,0.018097566,0.075960938,Standing
0.078125,0.018321777,0.078125,Standing
0.074867188,0.018848231,0.074867188,Standing
0.073914063,0.017133222,0.073914063,Standing
0.074960938,0.016913106,0.074960938,Standing
0.077609375,0.017434805,0.077609375,Standing
0.07328125,0.018361363,0.07328125,Standing
0.078148438,0.018735448,0.078148438,Standing
0.077117188,0.016617301,0.077117188,Standing
0.076789063,0.016989267,0.076789063,Standing
0.075117188,0.017987679,0.075117188,Standing
0.077515625,0.017585943,0.077515625,Standing
0.07871875,0.018126697,0.07871875,Standing
0.074140625,0.017740638,0.074140625,Standing
0.074601563,0.019137798,0.074601563,Standing
0.076929688,0.016826404,0.076929688,Standing
0.078632813,0.016085645,0.078632813,Standing
0.075359375,0.016801569,0.075359375,Standing
0.07509375,0.016624266,0.07509375,Standing
0.0775,0.023036316,0.0775,Standing
0.080210938,0.017824515,0.080210938,Standing
0.069617188,0.019474391,0.069617188,Standing
0.072132813,0.017372919,0.072132813,Standing
0.075546875,0.018169282,0.075546875,Standing
0.073742188,0.017044173,0.073742188,Standing
0.07628125,0.026112418,0.07628125,Standing
0.074953125,0.017226369,0.074953125,Standing
0.074171875,0.017810245,0.074171875,Standing
0.0729375,0.0188098,0.0729375,Standing
0.078609375,0.016224612,0.078609375,Standing
0.075789063,0.016102044,0.075789063,Standing
0.077335938,0.016588436,0.077335938,Standing
0.074304688,0.016949631,0.074304688,Standing
0.076929688,0.018997197,0.076929688,Standing
0.076203125,0.016982693,0.076203125,Standing
0.075585938,0.016682011,0.075585938,Standing
0.07228125,0.018450075,0.07228125,Standing
0.077804688,0.018497913,0.077804688,Standing
0.077117188,0.018146376,0.077117188,Standing
0.0745,0.018261127,0.0745,Standing
0.074617188,0.01753395,0.074617188,Standing
0.074953125,0.01841359,0.074953125,Standing
0.073203125,0.018367498,0.073203125,Standing
0.078195313,0.01726225,0.078195313,Standing
0.076734375,0.024579744,0.076734375,Standing
0.07603125,0.022201822,0.07603125,Standing
0.074296875,0.01800493,0.074296875,Standing
0.074554688,0.018529457,0.074554688,Standing
0.07309375,0.017193948,0.07309375,Standing
0.075367188,0.01748431,0.075367188,Standing
0.076859375,0.01767932,0.076859375,Standing
0.076632813,0.017714256,0.076632813,Standing
0.076390625,0.018568805,0.076390625,Standing
0.075359375,0.016406332,0.075359375,Standing
0.073914063,0.016474899,0.073914063,Standing
0.074640625,0.018670973,0.074640625,Standing
0.075210938,0.018431314,0.075210938,Standing
0.075070313,0.0178265,0.075070313,Standing
0.076078125,0.016791743,0.076078125,Standing
0.07328125,0.014756321,0.07328125,Standing
0.074515625,0.017499547,0.074515625,Standing
0.072375,0.019856123,0.072375,Standing
0.074546875,0.029687134,0.074546875,Standing
0.083570313,0.014950796,0.083570313,Standing
0.0916875,0.016976431,0.0916875,Standing
9.787117188,0.020370636,9.787117188,Standing
9.785945312,0.0193989,9.785945312,Standing
9.787984375,0.021506534,9.787984375,Standing
9.784648438,0.020491839,9.784648438,Standing
9.789992188,0.022670361,9.789992188,Standing
9.787765625,0.02270548,9.787765625,Standing
9.790429688,0.022256208,9.790429688,Standing
9.783140625,0.237532719,9.783140625,Standing
9.786492188,0.066146971,9.786492188,Standing
9.780609375,0.247074231,9.780609375,Standing
9.793976563,0.143875514,9.793976563,Standing
9.785335938,0.061638092,9.785335938,Standing
9.786476563,0.044150305,9.786476563,Standing
9.78290625,0.021515052,9.78290625,Standing
9.7868125,0.019880404,9.7868125,Standing
9.780914063,0.034460355,9.780914063,Standing
9.78615625,0.023719203,9.78615625,Standing
9.78384375,0.021654401,9.78384375,Standing
9.780476563,0.019430551,9.780476563,Standing
9.786132813,0.019979822,9.786132813,Standing
9.781609375,0.022007184,9.781609375,Standing
9.783617187,0.026262236,9.783617187,Standing
9.785414063,0.020338744,9.785414063,Standing
9.784625,0.024761992,9.784625,Standing
9.783296875,0.021627659,9.783296875,Standing
9.784375,0.019951895,9.784375,Standing
9.785078125,0.020871111,9.785078125,Standing
9.782195313,0.021359299,9.782195313,Standing
9.784992188,0.020431095,9.784992188,Standing
9.786890625,0.020672383,9.786890625,Standing
9.78446875,0.020881338,9.78446875,Standing
9.783289063,0.020094368,9.783289063,Standing
9.782484375,0.024811472,9.782484375,Standing
9.782507813,0.035285442,9.782507813,Standing
9.783367188,0.051768395,9.783367188,Standing
9.782625,0.02230786,9.782625,Standing
9.781507813,0.020393012,9.781507813,Standing
9.781960938,0.023083883,9.781960938,Standing
9.780882813,0.022141103,9.780882813,Standing
9.782078125,0.028625166,9.782078125,Standing
9.783601563,0.057568619,9.783601563,Standing
9.78175,0.027962307,9.78175,Standing
9.778773438,0.033057056,9.778773438,Standing
9.777679688,0.058400949,9.777679688,Standing
9.780726563,0.03473307,9.780726563,Standing
9.777476563,0.026626457,9.777476563,Standing
9.7785625,0.022299016,9.7785625,Standing
9.779460938,0.0265915,9.779460938,Standing
9.778476563,0.020998499,9.778476563,Standing
9.781789063,0.024454566,9.781789063,Standing
9.784679688,0.019728205,9.784679688,Standing
9.778171875,0.020588646,9.778171875,Standing
9.781101563,0.021489765,9.781101563,Standing
9.778390625,0.021815718,9.778390625,Standing
9.778664063,0.019618342,9.778664063,Standing
9.783570313,0.018452932,9.783570313,Standing
9.780234375,0.02126047,9.780234375,Standing
9.7793125,0.028013599,9.7793125,Standing
9.777179688,0.037970884,9.777179688,Standing
9.780835938,0.020326544,9.780835938,Standing
9.778515625,0.020152925,9.778515625,Standing
9.7815625,0.021155581,9.7815625,Standing
9.777304688,0.034100165,9.777304688,Standing
9.77984375,0.055016679,9.77984375,Standing
9.7779375,0.025595333,9.7779375,Standing
9.777421875,0.020208913,9.777421875,Standing
9.778765625,0.022067186,9.778765625,Standing
9.77896875,0.024704484,9.77896875,Standing
9.777570313,0.022796547,9.777570313,Standing
9.776710938,0.02000748,9.776710938,Standing
9.77971875,0.019657989,9.77971875,Standing
9.781304688,0.020365243,9.781304688,Standing
9.777398438,0.019008362,9.777398438,Standing
9.778851563,0.021440721,9.778851563,Standing
9.775453125,0.023434036,9.775453125,Standing
9.781039063,0.023076775,9.781039063,Standing
9.778507813,0.023324811,9.778507813,Standing
9.780875,0.020864144,9.780875,Standing
9.7763125,0.021200217,9.7763125,Standing
9.777242188,0.025989405,9.777242188,Standing
9.781210938,0.024353084,9.781210938,Standing
9.777632813,0.023090471,9.777632813,Standing
9.77821875,0.020205946,9.77821875,Standing
9.78,0.026385069,9.78,Standing
9.776367188,0.061527036,9.776367188,Standing
9.777351563,0.019263627,9.777351563,Standing
9.779539063,0.037521432,9.779539063,Standing
9.7764375,0.023547741,9.7764375,Standing
9.778796875,0.020703396,9.778796875,Standing
9.779195313,0.023486053,9.779195313,Standing
9.779632813,0.073112806,9.779632813,Standing
9.779835938,0.02055662,9.779835938,Standing
9.77825,0.022068785,9.77825,Standing
9.777101563,0.022159521,9.777101563,Standing
9.778773438,0.023037407,9.778773438,Standing
9.776601563,0.023312865,9.776601563,Standing
9.779625,0.020594295,9.779625,Standing
9.775851563,0.023294343,9.775851563,Standing
9.777445313,0.02184348,9.777445313,Standing
9.781421875,0.024296222,9.781421875,Standing
9.780375,0.026897084,9.780375,Standing
9.780835938,0.025359841,9.780835938,Standing
9.77940625,0.024434363,9.77940625,Standing
9.777992188,0.020537122,9.777992188,Standing
9.779296875,0.021996576,9.779296875,Standing
9.783554688,0.021277485,9.783554688,Standing
9.78128125,0.021216495,9.78128125,Standing
9.779078125,0.028861363,9.779078125,Standing
9.7795,0.032385616,9.7795,Standing
9.778195313,0.041486266,9.778195313,Standing
9.77928125,0.0331627,9.77928125,Standing
9.779132813,0.024827647,9.779132813,Standing
9.77759375,0.021425174,9.77759375,Standing
9.776765625,0.021136271,9.776765625,Standing
9.777835937,0.021405963,9.777835937,Standing
9.77984375,0.021749798,9.77984375,Standing
9.77984375,0.022392604,9.77984375,Standing
9.778742188,0.02675562,9.778742188,Standing
9.780992188,0.021530319,9.780992188,Standing
9.7776875,0.019923584,9.7776875,Standing
9.78125,0.023329166,9.78125,Standing
9.779257813,0.018884206,9.779257813,Standing
9.776828125,0.020947147,9.776828125,Standing
9.7779375,0.024544841,9.7779375,Standing
9.779007813,0.0222298,9.779007813,Standing
9.778164063,0.022037885,9.778164063,Standing
9.775195313,0.02557558,9.775195313,Standing
9.776242188,0.254834221,9.776242188,Standing
9.77834375,0.019032635,9.77834375,Standing
9.776992188,0.02243863,9.776992188,Standing
5,0,5,Standing
5,0,5,Standing
5,0,5,Standing
5,0,5,Standing
5,0,5,Standing
5,0,5,Standing
5,0,5,Standing
5,0,5,Standing
5,0,5,Standing
5,0,5,Standing
5,0,5,Standing
5,0,5,Standing
5,0,5,Standing
5,0,5,Standing
5,0,5,Standing
5,0,5,Standing
5,0,5,Standing
5,0,5,Standing
5,0,5,Standing
5,0,5,Standing
5,0,5,Standing
5,0,5,Standing
5,0,5,Standing
5,0,5,Standing
5,0,5,Standing
5,0,5,Standing
5,0,5,Standing
5,0,5,Standing
5,0,5,Standing
5,0,5,Standing
5,0,5,Standing
5,0,5,Standing
5,0,5,Standing
5,0,5,Standing
5,0,5,Standing
5,0,5,Standing
5,0,5,Standing
5,0,5,Standing
5,0,5,Standing
5,0,5,Standing
5,0,5,Standing
5,0,5,Standing
5,0,5,Standing
5,0,5,Standing
5,0,5,Standing
5,0,5,Standing
5,0,5,Standing
5,0,5,Standing
5,0,5,Standing
5,0,5,Standing
5,0,5,Standing
5,0,5,Standing
5,0,5,Standing
5,0,5,Standing
5,0,5,Standing
5,0,5,Standing
5,0,5,Standing
5,0,5,Standing
5,0,5,Standing
5,0,5,Standing
5,0,5,Standing
5,0,5,Standing
5,0,5,Standing
5,0,5,Standing
5,0,5,Standing
5,0,5,Standing
5,0,5,Standing
5,0,5,Standing
5,0,5,Standing
5,0,5,Standing
5,0,5,Standing
5,0,5,Standing
5,0,5,Standing
5,0,5,Standing
5,0,5,Standing
5,0,5,Standing
5,0,5,Standing
5,0,5,Standing
5,0,5,Standing
5,0,5,Standing
5,0,5,Standing
5,0,5,Standing
5,0,5,Standing
5,0,5,Standing
5,0,5,Standing
5,0,5,Standing
5,0,5,Standing
5,0,5,Standing
5,0,5,Standing
5,0,5,Standing
5,0,5,Standing
5,0,5,Standing
5,0,5,Standing
5,0,5,Standing
5,0,5,Standing
5,0,5,Standing
5,0,5,Standing
5,0,5,Standing
5,0,5,Standing
5,0,5,Standing
5,0,5,Standing
5,0,5,Standing
5,0,5,Standing
5,0,5,Standing
5,0,5,Standing
5,0,5,Standing
5,0,5,Standing
5,0,5,Standing
5,0,5,Standing
5,0,5,Standing
5,0,5,Standing
5,0,5,Standing
5,0,5,Standing
5,0,5,Standing
5,0,5,Standing
5,0,5,Standing
5,0,5,Standing
5,0,5,Standing
5,0,5,Standing
5,0,5,Standing
5,0,5,Standing
5,0,5,Standing
5,0,5,Standing
5,0,5,Standing
5,0,5,Standing
5,0,5,Standing
5,0,5,Standing
5,0,5,Standing
5,0,5,Standing
5,0,5,Standing
0.818726563,0.021688028,0.818726563,Standing
0.821992188,0.019067108,0.821992188,Standing
0.821585938,0.025208979,0.821585938,Standing
0.822171875,0.025832426,0.822171875,Standing
0.821570313,0.038372085,0.821570313,Standing
0.827976563,0.041989296,0.827976563,Standing
0.817710938,0.045959077,0.817710938,Standing
0.828234375,0.030673045,0.828234375,Standing
0.824960938,0.017316178,0.824960938,Standing
0.823304688,0.014912012,0.823304688,Standing
0.825898438,0.020053771,0.825898438,Standing
0.825359375,0.017427409,0.825359375,Standing
0.82453125,0.019858066,0.82453125,Standing
0.82478125,0.018008218,0.82478125,Standing
0.82365625,0.018088082,0.82365625,Standing
0.82484375,0.017444751,0.82484375,Standing
0.8254375,0.017386574,0.8254375,Standing
0.828195313,0.017067448,0.828195313,Standing
0.8274375,0.015836444,0.8274375,Standing
0.827125,0.017778586,0.827125,Standing
0.828859375,0.01526369,0.828859375,Standing
0.824476563,0.017308761,0.824476563,Standing
0.826648437,0.016963928,0.826648437,Standing
0.824273438,0.016976415,0.824273438,Standing
0.824273438,0.016224843,0.824273438,Standing
0.825859375,0.017781985,0.825859375,Standing
0.824570313,0.016003263,0.824570313,Standing
0.823140625,0.018018538,0.823140625,Standing
0.826648437,0.01672974,0.826648437,Standing
0.8235,0.015402415,0.8235,Standing
0.824390625,0.018046483,0.824390625,Standing
0.825710938,0.019481623,0.825710938,Standing
0.827289063,0.016838921,0.827289063,Standing
0.82621875,0.017102146,0.82621875,Standing
0.823757813,0.017225864,0.823757813,Standing
0.82478125,0.017884149,0.82478125,Standing
0.823695313,0.022889872,0.823695313,Standing
0.824429688,0.020443781,0.824429688,Standing
0.825382813,0.026436575,0.825382813,Standing
0.828148438,0.034887339,0.828148438,Standing
0.823570313,0.021903083,0.823570313,Standing
0.825148438,0.018229908,0.825148438,Standing
0.8243125,0.017194998,0.8243125,Standing
0.825632813,0.017989524,0.825632813,Standing
0.825242188,0.018787357,0.825242188,Standing
0.823609375,0.015880528,0.823609375,Standing
0.824039063,0.017971072,0.824039063,Standing
0.823765625,0.019198179,0.823765625,Standing
0.826773438,0.016861205,0.826773438,Standing
0.82296875,0.016102667,0.82296875,Standing
0.82325,0.017371403,0.82325,Standing
0.82415625,0.017691116,0.82415625,Standing
0.824796875,0.019603635,0.824796875,Standing
0.825109375,0.029056043,0.825109375,Standing
0.823882813,0.035464688,0.823882813,Standing
0.8285625,0.02478651,0.8285625,Standing
0.82321875,0.020181573,0.82321875,Standing
0.823367188,0.015880841,0.823367188,Standing
0.824367188,0.017931236,0.824367188,Standing
0.822765625,0.018609677,0.822765625,Standing
0.82490625,0.019005113,0.82490625,Standing
0.825929688,0.017499636,0.825929688,Standing
0.82365625,0.017866011,0.82365625,Standing
0.823085938,0.01643882,0.823085938,Standing
0.8243125,0.016607016,0.8243125,Standing
0.824273438,0.016624866,0.824273438,Standing
0.821226563,0.018931296,0.821226563,Standing
0.824640625,0.017587609,0.824640625,Standing
0.8224375,0.018993317,0.8224375,Standing
0.82609375,0.016378071,0.82609375,Standing
0.82671875,0.017420326,0.82671875,Standing
0.823828125,0.016227922,0.823828125,Standing
0.824742188,0.01706433,0.824742188,Standing
0.822960938,0.015989451,0.822960938,Standing
0.823445313,0.017643522,0.823445313,Standing
0.826054688,0.016912601,0.826054688,Standing
0.823960938,0.017072182,0.823960938,Standing
0.82415625,0.018202179,0.82415625,Standing
0.82403125,0.015351068,0.82403125,Standing
0.823289063,0.016176832,0.823289063,Standing
0.824414063,0.017173984,0.824414063,Standing
0.823476563,0.018199401,0.823476563,Standing
0.822992188,0.017566613,0.822992188,Standing
0.823625,0.017463354,0.823625,Standing
0.82525,0.01880118,0.82525,Standing
0.822429688,0.016525399,0.822429688,Standing
0.823359375,0.017538678,0.823359375,Standing
0.823601563,0.017137924,0.823601563,Standing
0.824265625,0.016326017,0.824265625,Standing
0.821875,0.017658656,0.821875,Standing
0.8268125,0.017059981,0.8268125,Standing
0.82303125,0.016880063,0.82303125,Standing
0.823296875,0.015361457,0.823296875,Standing
0.820539063,0.020275409,0.820539063,Standing
0.823007813,0.017467602,0.823007813,Standing
0.823726563,0.017383862,0.823726563,Standing
0.823328125,0.0190095,0.823328125,Standing
0.824609375,0.015690978,0.824609375,Standing
0.821898438,0.015936319,0.821898438,Standing
0.822398438,0.017546518,0.822398438,Standing
0.818273438,0.01772036,0.818273438,Standing
0.817859375,0.015840383,0.817859375,Standing
0.81703125,0.020602995,0.81703125,Standing
0.812539063,0.019177991,0.812539063,Standing
0.817671875,0.018682842,0.817671875,Standing
0.817148438,0.021695006,0.817148438,Standing
0.813414063,0.021712082,0.813414063,Standing
0.811757813,0.017936409,0.811757813,Standing
0.805757813,0.021406682,0.805757813,Standing
0.079390625,0.020955397,0.079390625,Standing
0.075070313,0.018168131,0.075070313,Standing
0.076015625,0.016489573,0.076015625,Standing
0.07371875,0.016066239,0.07371875,Standing
0.074070313,0.069079459,0.074070313,Standing
0.068554688,0.055178235,0.068554688,Standing
0.073,0.020133539,0.073,Standing
0.073796875,0.019251363,0.073796875,Standing
0.0778125,0.018990849,0.0778125,Standing
0.073359375,0.017757804,0.073359375,Standing
0.075328125,0.018212337,0.075328125,Standing
0.073992188,0.016090805,0.073992188,Standing
0.069578125,0.018587886,0.069578125,Standing
0.070921875,0.016181398,0.070921875,Standing
0.072390625,0.018193935,0.072390625,Standing
0.072015625,0.018098681,0.072015625,Standing
0.068851563,0.017183336,0.068851563,Standing
0.070507813,0.017015616,0.070507813,Standing
0.072398438,0.017694605,0.072398438,Standing
0.072570313,0.017394182,0.072570313,Standing
0.075195313,0.017902539,0.075195313,Standing
0.069078125,0.015783996,0.069078125,Standing
0.074484375,0.017275337,0.074484375,Standing
0.071726563,0.016602294,0.071726563,Standing
0.070820313,0.019342486,0.070820313,Standing
0.071492188,0.017704606,0.071492188,Standing
0.074085938,0.016651777,0.074085938,Standing
0.073734375,0.018598338,0.073734375,Standing
0.074460938,0.017919918,0.074460938,Standing
0.071976563,0.018279285,0.071976563,Standing
0.070554688,0.017321324,0.070554688,Standing
0.072265625,0.018299797,0.072265625,Standing
0.067515625,0.018410249,0.067515625,Standing
0.069359375,0.015789996,0.069359375,Standing
0.071492188,0.016249037,0.071492188,Standing
0.070421875,0.016871115,0.070421875,Standing
0.069734375,0.020029074,0.069734375,Standing
0.070445313,0.017474002,0.070445313,Standing
0.071039063,0.017247918,0.071039063,Standing
0.070132813,0.024290035,0.070132813,Standing
0.07396875,0.017751733,0.07396875,Standing
0.070679688,0.017809291,0.070679688,Standing
0.068867188,0.017213445,0.068867188,Standing
0.068101563,0.017176856,0.068101563,Standing
0.070945313,0.016430397,0.070945313,Standing
0.072390625,0.01759538,0.072390625,Standing
0.07028125,0.017614331,0.07028125,Standing
0.072039063,0.017896142,0.072039063,Standing
0.071648438,0.016720398,0.071648438,Standing
0.072960938,0.016367557,0.072960938,Standing
0.072273438,0.014929373,0.072273438,Standing
0.070359375,0.016898472,0.070359375,Standing
0.069335938,0.015280849,0.069335938,Standing
0.069046875,0.03236676,0.069046875,Standing
0.071421875,0.022079618,0.071421875,Standing
0.071195313,0.027830699,0.071195313,Standing
0.070460938,0.024577652,0.070460938,Standing
0.07628125,0.017159153,0.07628125,Standing
0.067414063,0.016806587,0.067414063,Standing
0.071351563,0.017763019,0.071351563,Standing
0.068546875,0.01850754,0.068546875,Standing
0.071507813,0.015405963,0.071507813,Standing
0.07353125,0.016888854,0.07353125,Standing
0.072617188,0.016674326,0.072617188,Standing
0.069992188,0.017425509,0.069992188,Standing
0.072882813,0.018642031,0.072882813,Standing
0.073046875,0.017805748,0.073046875,Standing
0.071960938,0.016414743,0.071960938,Standing
0.070578125,0.016775917,0.070578125,Standing
0.06846875,0.018350723,0.06846875,Standing
0.0700625,0.017157246,0.0700625,Standing
0.073414063,0.018468947,0.073414063,Standing
0.072242188,0.017888433,0.072242188,Standing
0.069976563,0.017775714,0.069976563,Standing
0.073179688,0.015681614,0.073179688,Standing
0.070171875,0.017686996,0.070171875,Standing
0.071320313,0.017294297,0.071320313,Standing
0.0685625,0.018048005,0.0685625,Standing
0.068859375,0.018095119,0.068859375,Standing
0.07140625,0.019422698,0.07140625,Standing
0.06928125,0.017905541,0.06928125,Standing
0.069101563,0.019564333,0.069101563,Standing
0.068429688,0.017563583,0.068429688,Standing
0.067789063,0.018269105,0.067789063,Standing
0.071210938,0.016825693,0.071210938,Standing
0.068304688,0.015221058,0.068304688,Standing
0.069179688,0.016539457,0.069179688,Standing
0.069570313,0.01563284,0.069570313,Standing
0.0723125,0.014662212,0.0723125,Standing
0.07128125,0.017730596,0.07128125,Standing
0.069492188,0.017785614,0.069492188,Standing
0.068859375,0.01847411,0.068859375,Standing
0.06884375,0.016938048,0.06884375,Standing
0.067726563,0.017120307,0.067726563,Standing
0.070242188,0.017035691,0.070242188,Standing
0.072828125,0.018628401,0.072828125,Standing
0.070765625,0.017194423,0.070765625,Standing
0.069921875,0.017169017,0.069921875,Standing
0.06728125,0.015762365,0.06728125,Standing
0.06803125,0.018133161,0.06803125,Standing
0.07159375,0.016787476,0.07159375,Standing
0.072773438,0.017882086,0.072773438,Standing
0.068578125,0.01844316,0.068578125,Standing
0.066828125,0.017262273,0.066828125,Standing
0.068554688,0.017108025,0.068554688,Standing
0.071210938,0.017284681,0.071210938,Standing
0.074882813,0.020497188,0.074882813,Standing
0.07971875,0.022496853,0.07971875,Standing
0.078414063,0.028056452,0.078414063,Standing
9.776203125,0.076365318,9.776203125,Standing
9.77971875,0.035953515,9.77971875,Standing
9.778835938,0.032504994,9.778835938,Standing
9.783125,0.030986136,9.783125,Standing
9.778859375,0.046726387,9.778859375,Standing
9.77934375,0.050850952,9.77934375,Standing
9.784078125,0.03606821,9.784078125,Standing
9.780625,0.02825083,9.780625,Standing
9.781132813,0.022461902,9.781132813,Standing
9.781710938,0.021505505,9.781710938,Standing
9.780789063,0.019136293,9.780789063,Standing
9.778789063,0.019956849,9.778789063,Standing
9.778382813,0.02345978,9.778382813,Standing
9.779320313,0.023033581,9.779320313,Standing
9.781054688,0.024071284,9.781054688,Standing
9.778695313,0.022501583,9.778695313,Standing
9.781046875,0.021248845,9.781046875,Standing
9.788015625,0.022671218,9.788015625,Standing
9.787429688,0.02034802,9.787429688,Standing
9.786898438,0.017304642,9.786898438,Standing
9.7793125,0.02072014,9.7793125,Standing
9.779945313,0.021149878,9.779945313,Standing
9.779921875,0.020143086,9.779921875,Standing
9.779320313,0.019978478,9.779320313,Standing
9.775320313,0.020857378,9.775320313,Standing
9.779226563,0.022254289,9.779226563,Standing
9.779234375,0.020743404,9.779234375,Standing
9.780898438,0.021519555,9.780898438,Standing
9.77596875,0.021192178,9.77596875,Standing
9.780101563,0.021389922,9.780101563,Standing
9.7775,0.020262727,9.7775,Standing
9.777890625,0.020616754,9.777890625,Standing
9.774023438,0.022743634,9.774023438,Standing
9.776515625,0.020611353,9.776515625,Standing
9.779101563,0.021578288,9.779101563,Standing
9.776601563,0.026915185,9.776601563,Standing
9.777234375,0.036537114,9.777234375,Standing
9.779195313,0.027432605,9.779195313,Standing
9.775710938,0.029978417,9.775710938,Standing
9.7815,0.038207084,9.7815,Standing
9.776601563,0.018110486,9.776601563,Standing
9.776296875,0.021415663,9.776296875,Standing
9.776390625,0.023500743,9.776390625,Standing
9.778375,0.021654604,9.778375,Standing
9.778507813,0.019757513,9.778507813,Standing
9.77871875,0.027394952,9.77871875,Standing
9.773804688,0.022470835,9.773804688,Standing
9.778117188,0.02042923,9.778117188,Standing
9.7775,0.021422097,9.7775,Standing
9.775859375,0.018099868,9.775859375,Standing
9.77484375,0.023374812,9.77484375,Standing
9.776867188,0.022595413,9.776867188,Standing
9.778132812,0.020750516,9.778132812,Standing
9.775,0.117782108,9.775,Standing
9.776195313,0.054534258,9.776195313,Standing
9.777585938,0.047747959,9.777585938,Standing
9.77396875,0.040727167,9.77396875,Standing
9.774398438,0.019522159,9.774398438,Standing
9.778429688,0.021443852,9.778429688,Standing
9.775882812,0.022041375,9.775882812,Standing
9.77528125,0.019225609,9.77528125,Standing
9.77525,0.021395823,9.77525,Standing
9.775664063,0.021998678,9.775664063,Standing
9.7776875,0.018658422,9.7776875,Standing
9.77784375,0.02097634,9.77784375,Standing
9.77890625,0.022017194,9.77890625,Standing
9.77625,0.020366179,9.77625,Standing
9.77721875,0.018489836,9.77721875,Standing
9.774390625,0.022053994,9.774390625,Standing
9.778296875,0.017899179,9.778296875,Standing
9.777671875,0.01856707,9.777671875,Standing
9.780804688,0.019668764,9.780804688,Standing
9.774242188,0.022102653,9.774242188,Standing
9.777320313,0.020252675,9.777320313,Standing
9.779109375,0.020498946,9.779109375,Standing
9.77828125,0.021659271,9.77828125,Standing
9.7786875,0.019525924,9.7786875,Standing
9.775835938,0.021298759,9.775835938,Standing
9.776132813,0.022981097,9.776132813,Standing
9.774835938,0.020285762,9.774835938,Standing
9.776726563,0.02060329,9.776726563,Standing
9.776359375,0.019543115,9.776359375,Standing
9.778632813,0.022548168,9.778632813,Standing
9.7769375,0.022835605,9.7769375,Standing
9.774890625,0.021058414,9.774890625,Standing
9.774617188,0.019236652,9.774617188,Standing
9.771609375,0.023020451,9.771609375,Standing
9.77628125,0.020484345,9.77628125,Standing
9.775726563,0.022330862,9.775726563,Standing
9.773304688,0.023957175,9.773304688,Standing
9.77275,0.018988483,9.77275,Standing
9.774117188,0.020661945,9.774117188,Standing
9.775664063,0.018735527,9.775664063,Standing
9.776015625,0.020391475,9.776015625,Standing
9.777578125,0.019035169,9.777578125,Standing
9.775320313,0.021652054,9.775320313,Standing
9.776507813,0.022060285,9.776507813,Standing
9.7755,0.019778461,9.7755,Standing
9.776445313,0.021247724,9.776445313,Standing
9.770890625,0.020189429,9.770890625,Standing
9.773898438,0.022149295,9.773898438,Standing
9.777210938,0.022137586,9.777210938,Standing
9.777484375,0.04587108,9.777484375,Standing
9.77496875,0.023244602,9.77496875,Standing
9.77365625,0.019824006,9.77365625,Standing
9.7733125,0.020872661,9.7733125,Standing
9.7725625,0.160148649,9.7725625,Standing
9.780742188,0.091451425,9.780742188,Standing
9.774195313,0.225103798,9.774195313,Standing
5,0,5,Standing
5,0,5,Standing
5,0,5,Standing
5,0,5,Standing
5,0,5,Standing
5,0,5,Standing
5,0,5,Standing
5,0,5,Standing
5,0,5,Standing
5,0,5,Standing
5,0,5,Standing
5,0,5,Standing
5,0,5,Standing
5,0,5,Standing
5,0,5,Standing
5,0,5,Standing
5,0,5,Standing
5,0,5,Standing
5,0,5,Standing
5,0,5,Standing
5,0,5,Standing
5,0,5,Standing
5,0,5,Standing
5,0,5,Standing
5,0,5,Standing
5,0,5,Standing
5,0,5,Standing
5,0,5,Standing
5,0,5,Standing
5,0,5,Standing
5,0,5,Standing
5,0,5,Standing
5,0,5,Standing
5,0,5,Standing
5,0,5,Standing
5,0,5,Standing
5,0,5,Standing
5,0,5,Standing
5,0,5,Standing
5,0,5,Standing
5,0,5,Standing
5,0,5,Standing
5,0,5,Standing
5,0,5,Standing
5,0,5,Standing
5,0,5,Standing
5,0,5,Standing
5,0,5,Standing
5,0,5,Standing
5,0,5,Standing
5,0,5,Standing
5,0,5,Standing
5,0,5,Standing
5,0,5,Standing
5,0,5,Standing
5,0,5,Standing
5,0,5,Standing
5,0,5,Standing
5,0,5,Standing
5,0,5,Standing
5,0,5,Standing
5,0,5,Standing
5,0,5,Standing
5,0,5,Standing
5,0,5,Standing
5,0,5,Standing
5,0,5,Standing
5,0,5,Standing
5,0,5,Standing
5,0,5,Standing
5,0,5,Standing
5,0,5,Standing
5,0,5,Standing
5,0,5,Standing
5,0,5,Standing
5,0,5,Standing
5,0,5,Standing
5,0,5,Standing
5,0,5,Standing
5,0,5,Standing
5,0,5,Standing
5,0,5,Standing
5,0,5,Standing
5,0,5,Standing
5,0,5,Standing
5,0,5,Standing
5,0,5,Standing
5,0,5,Standing
5,0,5,Standing
5,0,5,Standing
5,0,5,Standing
5,0,5,Standing
5,0,5,Standing
5,0,5,Standing
5,0,5,Standing
5,0,5,Standing
5,0,5,Standing
5,0,5,Standing
5,0,5,Standing
5,0,5,Standing
5,0,5,Standing
5,0,5,Standing
5,0,5,Standing
5,0,5,Standing
5,0,5,Standing
5,0,5,Standing
5,0,5,Standing
5,0,5,Standing
5,0,5,Standing
0.48140625,0.655098745,0.48140625,Walking
0.289421875,1.115496629,0.289421875,Walking
0.752445313,1.190818133,0.752445313,Walking
0.366328125,1.256438625,0.366328125,Walking
1.6316875,0.596860847,1.6316875,Walking
0.780351563,1.088558318,0.780351563,Walking
1.41675,1.16457505,1.41675,Walking
1.065335938,0.756602978,1.065335938,Walking
1.068484375,0.714219898,1.068484375,Walking
0.077492188,0.84067156,0.077492188,Walking
-0.80103125,1.00569661,-0.80103125,Walking
0.907085938,1.271750068,0.907085938,Walking
0.207367188,0.855963546,0.207367188,Walking
0.094820313,1.017647935,0.094820313,Walking
0.848523438,0.660628181,0.848523438,Walking
-0.269523438,0.89096027,-0.269523438,Walking
0.56425,0.856236779,0.56425,Walking
0.841570313,0.872756183,0.841570313,Walking
-0.222070313,1.295035582,-0.222070313,Walking
0.075507813,1.077595355,0.075507813,Walking
0.82603125,0.603638071,0.82603125,Walking
2.151445313,1.239549886,2.151445313,Walking
0.810203125,0.544643294,0.810203125,Walking
1.809398438,0.712890171,1.809398438,Walking
0.964773438,1.207689706,0.964773438,Walking
0.596953125,1.005589891,0.596953125,Walking
0.304484375,0.529847855,0.304484375,Walking
0.936898438,0.921472657,0.936898438,Walking
0.81509375,0.683946617,0.81509375,Walking
0.299773438,0.862757445,0.299773438,Walking
-0.377203125,1.297429576,-0.377203125,Walking
0.058929687,0.845232459,0.058929687,Walking
-0.391484375,1.026256577,-0.391484375,Walking
0.531648438,1.069701321,0.531648438,Walking
0.868210938,0.813167617,0.868210938,Walking
0.414585938,0.929156998,0.414585938,Walking
1.348820313,1.148924255,1.348820313,Walking
1.071507813,1.190165994,1.071507813,Walking
1.108578125,0.565312311,1.108578125,Walking
0.819984375,0.555532613,0.819984375,Walking
1.269375,0.650582407,1.269375,Walking
1.944648438,0.725083633,1.944648438,Walking
2.041210938,0.728464756,2.041210938,Walking
0.996078125,0.574403054,0.996078125,Walking
1.090742188,0.733224484,1.090742188,Walking
1.162507813,0.898250548,1.162507813,Walking
0.76265625,0.532597635,0.76265625,Walking
0.186976563,0.777357457,0.186976563,Walking
0.816609375,0.852814057,0.816609375,Walking
0.283875,0.519867231,0.283875,Walking
0.19971875,0.643081266,0.19971875,Walking
0.20215625,0.785127482,0.20215625,Walking
0.577171875,0.584839603,0.577171875,Walking
0.540695313,0.814205379,0.540695313,Walking
-0.385085938,0.901493501,-0.385085938,Walking
0.091625,0.897359825,0.091625,Walking
1.0975,0.906339849,1.0975,Walking
0.575359375,0.78083983,0.575359375,Walking
0.383648438,0.621660511,0.383648438,Walking
0.40721875,0.866981446,0.40721875,Walking
0.183273438,0.871810138,0.183273438,Walking
1.661289063,0.561001353,1.661289063,Walking
1.413429688,0.680984865,1.413429688,Walking
0.4975625,0.635698198,0.4975625,Walking
0.305796875,0.612083779,0.305796875,Walking
0.121273438,0.619703845,0.121273438,Walking
0.387796875,0.590360276,0.387796875,Walking
0.73815625,0.566445295,0.73815625,Walking
1.842679688,0.73346747,1.842679688,Walking
1.156242188,0.700751201,1.156242188,Walking
1.30884375,0.750837932,1.30884375,Walking
1.1253125,0.954268582,1.1253125,Walking
0.154234375,0.811867711,0.154234375,Walking
-0.042375,0.7746628,-0.042375,Walking
0.059601563,0.553474442,0.059601563,Walking
-0.15434375,0.791998673,-0.15434375,Walking
-0.020570313,0.655291928,-0.020570313,Walking
-0.023382813,0.717526188,-0.023382813,Walking
1.002140625,0.818531896,1.002140625,Walking
0.297695313,0.723956971,0.297695313,Walking
0.020117188,0.651556533,0.020117188,Walking
0.772351563,0.705941211,0.772351563,Walking
0.604789063,0.640238879,0.604789063,Walking
1.564203125,0.591964148,1.564203125,Walking
0.233492188,0.768096175,0.233492188,Walking
1.102492188,0.73886984,1.102492188,Walking
-0.017398438,0.705766055,-0.017398438,Walking
-0.067234375,0.662977145,-0.067234375,Walking
0.585453125,0.585324828,0.585453125,Walking
0.798460938,0.366134451,0.798460938,Walking
5.098210938,0.452791112,5.098210938,Walking
3.536359375,0.560408776,3.536359375,Walking
3.612226563,0.872945447,3.612226563,Walking
4.734171875,0.772417058,4.734171875,Walking
4.61834375,0.627485065,4.61834375,Walking
3.740007813,0.791747449,3.740007813,Walking
3.63309375,1.005943295,3.63309375,Walking
4.239414063,0.807720631,4.239414063,Walking
4.02365625,0.871239073,4.02365625,Walking
5.372507813,0.840324398,5.372507813,Walking
5.609945313,0.623824336,5.609945313,Walking
4.352226563,0.899800726,4.352226563,Walking
4.238851563,0.965612128,4.238851563,Walking
4.610828125,1.051625766,4.610828125,Walking
4.519875,1.015749031,4.519875,Walking
4.53809375,0.877147405,4.53809375,Walking
3.176054688,0.842900696,3.176054688,Walking
3.84153125,0.769144735,3.84153125,Walking
4.546820313,1.053635584,4.546820313,Walking
4.271882813,0.867459308,4.271882813,Walking
3.996734375,0.881324593,3.996734375,Walking
5.487078125,0.548205832,5.487078125,Walking
4.569890625,0.784978465,4.569890625,Walking
4.56309375,0.582645401,4.56309375,Walking
4.4960625,0.894175412,4.4960625,Walking
4.814335938,0.769903325,4.814335938,Walking
5.527796875,0.50985432,5.527796875,Walking
5.540296875,0.689107058,5.540296875,Walking
4.786664063,0.900104033,4.786664063,Walking
4.851789063,0.689640471,4.851789063,Walking
4.172625,0.872003611,4.172625,Walking
5.071664063,0.411140302,5.071664063,Walking
5.032296875,1.090413134,5.032296875,Walking
4.95678125,0.866497331,4.95678125,Walking
4.839546875,0.901413195,4.839546875,Walking
4.031976563,0.761256111,4.031976563,Walking
4.198382813,1.041085139,4.198382813,Walking
4.606320313,1.306121375,4.606320313,Walking
4.739289063,0.804194222,4.739289063,Walking
4.520296875,0.776606524,4.520296875,Walking
4.468203125,0.83858541,4.468203125,Walking
4.291734375,0.669799719,4.291734375,Walking
3.9755,0.69331394,3.9755,Walking
4.946890625,0.575217435,4.946890625,Walking
4.914609375,0.50770792,4.914609375,Walking
5.003101563,0.648635766,5.003101563,Walking
4.911742188,0.571343035,4.911742188,Walking
4.977273438,0.530842384,4.977273438,Walking
4.703359375,0.846856695,4.703359375,Walking
4.86490625,0.643692466,4.86490625,Walking
4.940507813,0.721554518,4.940507813,Walking
4.950804688,0.603419696,4.950804688,Walking
4.0879375,0.637456429,4.0879375,Walking
3.704929688,0.650354533,3.704929688,Walking
3.77521875,0.863646882,3.77521875,Walking
3.407953125,0.829649802,3.407953125,Walking
2.953171875,0.643907154,2.953171875,Walking
3.918289063,0.681083938,3.918289063,Walking
3.54125,0.66226681,3.54125,Walking
3.4389375,0.747377517,3.4389375,Walking
4.235242188,0.499101,4.235242188,Walking
4.665460938,0.752659471,4.665460938,Walking
2.983046875,0.799980916,2.983046875,Walking
3.20128125,0.76815365,3.20128125,Walking
4.510039063,0.455208561,4.510039063,Walking
3.766023438,0.463881829,3.766023438,Walking
4.209140625,0.599650806,4.209140625,Walking
3.885570313,0.805206036,3.885570313,Walking
3.8815,1.1005839,3.8815,Walking
3.667382813,0.789791202,3.667382813,Walking
3.655328125,0.57528724,3.655328125,Walking
4.094625,0.796175821,4.094625,Walking
4.711515625,0.692458956,4.711515625,Walking
4.2440625,0.840270285,4.2440625,Walking
4.479304688,0.810757146,4.479304688,Walking
4.883632813,0.859797813,4.883632813,Walking
4.916765625,0.870571512,4.916765625,Walking
5.694820313,0.491929848,5.694820313,Walking
5.384953125,0.813908384,5.384953125,Walking
4.962023438,0.522919695,4.962023438,Walking
5.4984375,0.685918132,5.4984375,Walking
4.917109375,0.760947233,4.917109375,Walking
4.5630625,0.7505415,4.5630625,Walking
4.5279375,0.827010748,4.5279375,Walking
4.93990625,0.562077917,4.93990625,Walking
4.719109375,0.755175324,4.719109375,Walking
4.136234375,0.815771706,4.136234375,Walking
4.559703125,0.496702067,4.559703125,Walking
5.117921875,0.922357769,5.117921875,Walking
4.839203125,0.444150776,4.839203125,Walking
7.939695313,0.580794264,7.939695313,Walking
9.521703125,1.075637938,9.521703125,Walking
8.98078125,1.538277166,8.98078125,Walking
8.386226563,1.718407226,8.386226563,Walking
8.404960938,1.423614949,8.404960938,Walking
8.98975,1.34361208,8.98975,Walking
8.88790625,2.045589128,8.88790625,Walking
8.766320313,1.265850733,8.766320313,Walking
8.881796875,1.564980563,8.881796875,Walking
8.130953125,1.220829629,8.130953125,Walking
7.62009375,1.270836169,7.62009375,Walking
9.095882813,1.406747477,9.095882813,Walking
8.252640625,1.833417308,8.252640625,Walking
8.766851563,2.093047618,8.766851563,Walking
8.771984375,2.347132569,8.771984375,Walking
8.253679688,2.374172096,8.253679688,Walking
9.208734375,2.603801399,9.208734375,Walking
9.090117188,2.329571616,9.090117188,Walking
8.6258125,1.711978948,8.6258125,Walking
8.71471875,1.349133176,8.71471875,Walking
9.128054688,1.407593882,9.128054688,Walking
7.839382813,1.727036588,7.839382813,Walking
8.652546875,1.409012453,8.652546875,Walking
8.648398438,1.075771099,8.648398438,Walking
8.650851563,1.602238264,8.650851563,Walking
8.602054688,1.524807351,8.602054688,Walking
7.892203125,1.085001133,7.892203125,Walking
7.777109375,1.578231512,7.777109375,Walking
8.5743125,1.142181129,8.5743125,Walking
8.452773438,1.528263834,8.452773438,Walking
8.649929688,1.157638397,8.649929688,Walking
7.898617188,1.874654206,7.898617188,Walking
8.95225,2.20161077,8.95225,Walking
7.982828125,1.995320158,7.982828125,Walking
8.946875,1.397324419,8.946875,Walking
8.85075,2.243876177,8.85075,Walking
8.942765625,2.158184214,8.942765625,Walking
8.04859375,1.922900895,8.04859375,Walking
8.592,1.336073878,8.592,Walking
8.48875,1.434444633,8.48875,Walking
8.500382813,1.31589245,8.500382813,Walking
8.66625,1.352076915,8.66625,Walking
8.994679688,1.028144224,8.994679688,Walking
8.352398438,1.438996761,8.352398438,Walking
8.4756875,0.979254434,8.4756875,Walking
8.302015625,1.004752216,8.302015625,Walking
8.389171875,1.364338989,8.389171875,Walking
8.333476563,1.052139613,8.333476563,Walking
8.721367188,1.494931295,8.721367188,Walking
8.211609375,1.383825496,8.211609375,Walking
8.358664063,1.675142271,8.358664063,Walking
8.522007813,0.89811788,8.522007813,Walking
8.89584375,1.374596244,8.89584375,Walking
8.934625,1.530604859,8.934625,Walking
9.199796875,2.023719712,9.199796875,Walking
8.888867188,1.64882157,8.888867188,Walking
9.338640625,1.874371652,9.338640625,Walking
8.869898438,1.562603426,8.869898438,Walking
8.795085938,1.334569406,8.795085938,Walking
9.368304688,1.233205937,9.368304688,Walking
8.68865625,1.079724758,8.68865625,Walking
8.275015625,0.885478957,8.275015625,Walking
9.624835938,1.34946568,9.624835938,Walking
9.372703125,0.892523541,9.372703125,Walking
8.305375,1.250895248,8.305375,Walking
9.161851563,0.914673457,9.161851563,Walking
8.682507813,1.581708822,8.682507813,Walking
9.402601563,1.677304265,9.402601563,Walking
8.584679688,1.803201159,8.584679688,Walking
8.906671875,1.664539703,8.906671875,Walking
9.056796875,1.13480205,9.056796875,Walking
8.73409375,1.408216755,8.73409375,Walking
8.534726563,1.498528094,8.534726563,Walking
8.61715625,2.022713599,8.61715625,Walking
8.4930625,1.68336832,8.4930625,Walking
8.739679688,1.644078512,8.739679688,Walking
8.144007813,1.467255732,8.144007813,Walking
8.024421875,1.170853032,8.024421875,Walking
8.286039063,1.489054773,8.286039063,Walking
8.227515625,1.063122891,8.227515625,Walking
8.095304688,1.39958138,8.095304688,Walking
8.1456875,1.553499652,8.1456875,Walking
8.810382813,1.752320221,8.810382813,Walking
8.437226563,0.995225031,8.437226563,Walking
8.32546875,0.912393367,8.32546875,Walking
8.480421875,1.023897583,8.480421875,Walking
8.779460938,0.920512059,8.779460938,Walking
8.6993125,1.024256314,8.6993125,Walking
8.545585938,1.131381212,8.545585938,Walking
8.180484375,1.15857378,8.180484375,Walking
5,0,5,Walking
5,0,5,Walking
5,0,5,Walking
5,0,5,Walking
5,0,5,Walking
5,0,5,Walking
5,0,5,Walking
5,0,5,Walking
5,0,5,Walking
5,0,5,Walking
5,0,5,Walking
5,0,5,Walking
5,0,5,Walking
5,0,5,Walking
5,0,5,Walking
5,0,5,Walking
5,0,5,Walking
5,0,5,Walking
5,0,5,Walking
5,0,5,Walking
5,0,5,Walking
5,0,5,Walking
5,0,5,Walking
5,0,5,Walking
5,0,5,Walking
5,0,5,Walking
5,0,5,Walking
5,0,5,Walking
5,0,5,Walking
5,0,5,Walking
5,0,5,Walking
5,0,5,Walking
5,0,5,Walking
5,0,5,Walking
5,0,5,Walking
5,0,5,Walking
5,0,5,Walking
5,0,5,Walking
5,0,5,Walking
5,0,5,Walking
5,0,5,Walking
5,0,5,Walking
5,0,5,Walking
5,0,5,Walking
5,0,5,Walking
5,0,5,Walking
5,0,5,Walking
5,0,5,Walking
5,0,5,Walking
5,0,5,Walking
5,0,5,Walking
5,0,5,Walking
5,0,5,Walking
5,0,5,Walking
5,0,5,Walking
5,0,5,Walking
5,0,5,Walking
5,0,5,Walking
5,0,5,Walking
5,0,5,Walking
5,0,5,Walking
5,0,5,Walking
5,0,5,Walking
5,0,5,Walking
5,0,5,Walking
5,0,5,Walking
5,0,5,Walking
5,0,5,Walking
5,0,5,Walking
5,0,5,Walking
5,0,5,Walking
5,0,5,Walking
5,0,5,Walking
5,0,5,Walking
5,0,5,Walking
5,0,5,Walking
5,0,5,Walking
5,0,5,Walking
5,0,5,Walking
5,0,5,Walking
5,0,5,Walking
5,0,5,Walking
5,0,5,Walking
5,0,5,Walking
5,0,5,Walking
5,0,5,Walking
5,0,5,Walking
5,0,5,Walking
5,0,5,Walking
5,0,5,Walking
-0.247851563,0.724535488,-0.247851563,Walking
0.454960938,0.823637325,0.454960938,Walking
0.6535625,1.168931883,0.6535625,Walking
1.0315,0.565679583,1.0315,Walking
0.543914063,0.942568582,0.543914063,Walking
1.260117188,0.450335719,1.260117188,Walking
0.314671875,0.560965826,0.314671875,Walking
0.941429688,0.988653983,0.941429688,Walking
1.118890625,0.7706381,1.118890625,Walking
0.653164063,0.655425313,0.653164063,Walking
0.092835938,0.749960226,0.092835938,Walking
0.904117188,0.555528909,0.904117188,Walking
0.62221875,0.663289953,0.62221875,Walking
0.464835938,0.460374623,0.464835938,Walking
-0.764484375,0.510704201,-0.764484375,Walking
0.12175,0.498739411,0.12175,Walking
0.483171875,0.808327122,0.483171875,Walking
0.493375,0.968336234,0.493375,Walking
0.484226563,0.819489544,0.484226563,Walking
0.649625,0.678781629,0.649625,Walking
0.5788125,0.988497342,0.5788125,Walking
0.615351563,0.609306632,0.615351563,Walking
0.732257813,0.700789256,0.732257813,Walking
1.241328125,0.762032491,1.241328125,Walking
0.636101563,0.850457596,0.636101563,Walking
0.906507813,0.654479612,0.906507813,Walking
0.25309375,0.52212164,0.25309375,Walking
0.560070313,0.597562212,0.560070313,Walking
0.205257813,0.971840524,0.205257813,Walking
0.73775,0.560606856,0.73775,Walking
0.45809375,0.660482097,0.45809375,Walking
0.701398438,0.686951785,0.701398438,Walking
0.774453125,0.704009753,0.774453125,Walking
0.049539062,0.678126427,0.049539062,Walking
0.469929688,0.913553546,0.469929688,Walking
0.123992188,0.579698797,0.123992188,Walking
0.692398438,0.541088607,0.692398438,Walking
0.472484375,0.744364095,0.472484375,Walking
1.150304688,0.455876415,1.150304688,Walking
0.258203125,0.686433006,0.258203125,Walking
0.393375,0.555428916,0.393375,Walking
0.890117188,0.608472789,0.890117188,Walking
1.026789063,0.46685411,1.026789063,Walking
1.1133125,0.471404281,1.1133125,Walking
0.749476562,0.92677625,0.749476562,Walking
0.635359375,0.461714294,0.635359375,Walking
0.411203125,0.748030156,0.411203125,Walking
-0.015148438,0.511099154,-0.015148438,Walking
0.173085937,0.688145186,0.173085937,Walking
-0.129195313,0.886807353,-0.129195313,Walking
0.18715625,0.640541536,0.18715625,Walking
0.650015625,0.700744381,0.650015625,Walking
-0.297820313,0.867940535,-0.297820313,Walking
0.461546875,0.752857129,0.461546875,Walking
0.806585938,0.548484525,0.806585938,Walking
1.595445312,0.456470269,1.595445312,Walking
0.869734375,0.433084404,0.869734375,Walking
1.110257813,0.635559488,1.110257813,Walking
0.685828125,0.755006934,0.685828125,Walking
0.591625,0.758180676,0.591625,Walking
0.213742187,0.539698241,0.213742187,Walking
0.58284375,0.348943997,0.58284375,Walking
0.248734375,0.669092138,0.248734375,Walking
0.541265625,0.372445958,0.541265625,Walking
0.097703125,0.432225552,0.097703125,Walking
0.080453125,0.90275102,0.080453125,Walking
-0.2715625,0.967759136,-0.2715625,Walking
1.247664063,0.454313274,1.247664063,Walking
0.682054688,0.644915236,0.682054688,Walking
0.327289063,0.769526449,0.327289063,Walking
0.50234375,0.672878244,0.50234375,Walking
0.481953125,0.942658614,0.481953125,Walking
0.351273438,0.819762101,0.351273438,Walking
0.769273438,0.859023817,0.769273438,Walking
0.845703125,0.686092871,0.845703125,Walking
0.413804688,0.627344902,0.413804688,Walking
1.490148438,0.84126824,1.490148438,Walking
0.640539063,0.740989456,0.640539063,Walking
0.322835938,1.196326616,0.322835938,Walking
0.311796875,0.980115087,0.311796875,Walking
0.737171875,0.71348327,0.737171875,Walking
0.846351563,0.785189434,0.846351563,Walking
0.633648438,0.633416562,0.633648438,Walking
0.445179688,0.703807784,0.445179688,Walking
0.646398438,0.644857958,0.646398438,Walking
0.082578125,0.859010383,0.082578125,Walking
-0.103492188,0.650268106,-0.103492188,Walking
0.506945313,0.472218886,0.506945313,Walking
0.141203125,0.611878337,0.141203125,Walking
4.531726563,0.789597086,4.531726563,Walking
4.61578125,0.634978198,4.61578125,Walking
3.742648437,0.869769326,3.742648437,Walking
3.978382813,0.654002391,3.978382813,Walking
4.252914063,0.714385893,4.252914063,Walking
3.76815625,0.511179326,3.76815625,Walking
4.547117188,0.700938942,4.547117188,Walking
4.401203125,0.777938656,4.401203125,Walking
4.524484375,0.77207888,4.524484375,Walking
4.373625,0.515546736,4.373625,Walking
4.154453125,0.770724952,4.154453125,Walking
3.912789063,0.509294758,3.912789063,Walking
4.006898438,0.55555064,4.006898438,Walking
4.855914063,0.445924479,4.855914063,Walking
5.392671875,0.431963687,5.392671875,Walking
4.485429688,0.717871307,4.485429688,Walking
4.65228125,0.750424015,4.65228125,Walking
4.5341875,0.513487931,4.5341875,Walking
5.039140625,0.673662398,5.039140625,Walking
4.909039063,0.596888657,4.909039063,Walking
4.427773438,0.839172092,4.427773438,Walking
4.31190625,0.642738981,4.31190625,Walking
4.295203125,0.30823944,4.295203125,Walking
4.719117188,0.72661219,4.719117188,Walking
4.620265625,0.503403983,4.620265625,Walking
4.684632813,0.729488754,4.684632813,Walking
4.451820313,0.725377805,4.451820313,Walking
4.319703125,0.856667009,4.319703125,Walking
4.026546875,0.917910653,4.026546875,Walking
4.031601563,0.734532551,4.031601563,Walking
4.178320313,0.805129123,4.178320313,Walking
3.992921875,0.816519171,3.992921875,Walking
4.131921875,0.728114373,4.131921875,Walking
3.414085938,0.664834531,3.414085938,Walking
3.40303125,0.740440673,3.40303125,Walking
3.652640625,0.640626753,3.652640625,Walking
4.252195313,0.867260729,4.252195313,Walking
4.015710938,0.551934498,4.015710938,Walking
4.108085938,0.633829803,4.108085938,Walking
4.051085938,0.754157104,4.051085938,Walking
3.531867188,1.044737365,3.531867188,Walking
3.810539063,0.766806231,3.810539063,Walking
3.618523438,0.906274973,3.618523438,Walking
3.662070313,0.498862208,3.662070313,Walking
3.648609375,0.834036975,3.648609375,Walking
3.465796875,0.694681766,3.465796875,Walking
3.659132812,0.747731281,3.659132812,Walking
3.297195313,0.600520699,3.297195313,Walking
3.830054688,0.684431063,3.830054688,Walking
4.353164063,0.77669508,4.353164063,Walking
4.007289063,0.508232463,4.007289063,Walking
3.878085938,0.619896539,3.878085938,Walking
3.64925,0.907070163,3.64925,Walking
3.5226875,0.789181813,3.5226875,Walking
3.573890625,0.661230614,3.573890625,Walking
3.885203125,0.789658454,3.885203125,Walking
3.639914063,0.647003744,3.639914063,Walking
3.936140625,0.920056288,3.936140625,Walking
3.882109375,0.753144463,3.882109375,Walking
3.90709375,0.886083583,3.90709375,Walking
4.005273438,0.659485592,4.005273438,Walking
4.100859375,0.598352226,4.100859375,Walking
4.681140625,0.604901383,4.681140625,Walking
4.341140625,0.599704663,4.341140625,Walking
3.688398438,0.548113916,3.688398438,Walking
3.627820313,0.654084504,3.627820313,Walking
4.091335938,0.843801908,4.091335938,Walking
4.35609375,0.657455778,4.35609375,Walking
4.04365625,0.646048064,4.04365625,Walking
3.534820313,0.711052592,3.534820313,Walking
3.519859375,0.661231424,3.519859375,Walking
3.850828125,0.748592691,3.850828125,Walking
3.7174375,0.743682463,3.7174375,Walking
4.060085938,0.983544523,4.060085938,Walking
4.2085625,0.769947398,4.2085625,Walking
4.030601563,0.596131544,4.030601563,Walking
3.490171875,0.727095217,3.490171875,Walking
3.247828125,0.441536241,3.247828125,Walking
3.855351563,0.637808585,3.855351563,Walking
3.641390625,0.783715203,3.641390625,Walking
3.92534375,0.810965603,3.92534375,Walking
3.854148438,0.600945636,3.854148438,Walking
3.852460938,0.755449751,3.852460938,Walking
3.619640625,0.602938167,3.619640625,Walking
3.86715625,0.97774974,3.86715625,Walking
4.364054688,0.948060391,4.364054688,Walking
4.333132813,0.731708642,4.333132813,Walking
3.953851563,0.677536497,3.953851563,Walking
3.996992188,0.888510864,3.996992188,Walking
8.899414063,0.913398962,8.899414063,Walking
8.580273438,1.206004682,8.580273438,Walking
8.99290625,1.195457623,8.99290625,Walking
8.953257813,1.623777816,8.953257813,Walking
8.62375,1.040034179,8.62375,Walking
9.008890625,1.332270661,9.008890625,Walking
8.501070313,1.283881129,8.501070313,Walking
8.800125,1.136759993,8.800125,Walking
8.552039063,1.27809878,8.552039063,Walking
8.773742188,0.948087139,8.773742188,Walking
8.838507813,1.541222445,8.838507813,Walking
9.04540625,1.068995589,9.04540625,Walking
8.904914063,1.061812108,8.904914063,Walking
8.681875,1.064216525,8.681875,Walking
7.619429688,0.835249791,7.619429688,Walking
8.745109375,0.933415454,8.745109375,Walking
8.450703125,1.094045306,8.450703125,Walking
8.5929375,1.36186208,8.5929375,Walking
8.34834375,1.596954159,8.34834375,Walking
8.153609375,1.090120329,8.153609375,Walking
8.855890625,1.710447882,8.855890625,Walking
9.085585938,1.411334179,9.085585938,Walking
8.471617188,0.981980032,8.471617188,Walking
8.516273438,1.771019373,8.516273438,Walking
8.691304688,0.871540729,8.691304688,Walking
8.36265625,1.149927691,8.36265625,Walking
8.692765625,1.107760512,8.692765625,Walking
8.86815625,1.445198815,8.86815625,Walking
8.753625,1.10707875,8.753625,Walking
8.924484375,1.280990474,8.924484375,Walking
8.928117188,1.32359012,8.928117188,Walking
8.919132813,1.659363542,8.919132813,Walking
8.732625,1.238648476,8.732625,Walking
9.055226563,1.529812336,9.055226563,Walking
9.198625,1.456325256,9.198625,Walking
8.834007813,1.380824456,8.834007813,Walking
8.896273438,1.235178015,8.896273438,Walking
8.521773438,1.548953731,8.521773438,Walking
8.92465625,1.202531681,8.92465625,Walking
8.723617188,1.398994562,8.723617188,Walking
9.170921875,1.993809108,9.170921875,Walking
9.009539063,1.592856072,9.009539063,Walking
9.01646875,1.736187215,9.01646875,Walking
9.087101563,1.036583879,9.087101563,Walking
9.131671875,1.524481352,9.131671875,Walking
9.1071875,1.037537445,9.1071875,Walking
9.028953125,1.786233572,9.028953125,Walking
9.193867188,1.592075509,9.193867188,Walking
9.007492188,1.247456005,9.007492188,Walking
8.709515625,1.594958409,8.709515625,Walking
8.907539063,1.376171875,8.907539063,Walking
8.87609375,1.341760419,8.87609375,Walking
8.873945313,1.517653685,8.873945313,Walking
9.407976563,1.461350592,9.407976563,Walking
8.746585938,1.294742358,8.746585938,Walking
8.819929688,1.341587994,8.819929688,Walking
9.07775,1.263598637,9.07775,Walking
8.868507813,1.622493018,8.868507813,Walking
8.767195313,1.331466814,8.767195313,Walking
8.992070313,1.651661073,8.992070313,Walking
8.9946875,1.003756162,8.9946875,Walking
8.894484375,1.344928588,8.894484375,Walking
8.427953125,0.860005804,8.427953125,Walking
8.751195313,1.407629962,8.751195313,Walking
9.189273438,1.853202805,9.189273438,Walking
8.860054688,1.57398797,8.860054688,Walking
8.950648438,1.878867535,8.950648438,Walking
8.413570313,0.908585918,8.413570313,Walking
8.938726563,1.127107656,8.938726563,Walking
8.95315625,1.690059972,8.95315625,Walking
9.419359375,1.391387278,9.419359375,Walking
8.876421875,1.269339368,8.876421875,Walking
9.227757813,1.366803912,9.227757813,Walking
8.561117188,1.966301635,8.561117188,Walking
8.728875,1.195091517,8.728875,Walking
8.913695313,1.107770576,8.913695313,Walking
8.968875,1.55521132,8.968875,Walking
9.21015625,0.950734884,9.21015625,Walking
8.817359375,1.400717677,8.817359375,Walking
9.073734375,1.215129266,9.073734375,Walking
8.740398438,1.795607802,8.740398438,Walking
8.919429688,1.374864503,8.919429688,Walking
8.979296875,1.491668107,8.979296875,Walking
9.261515625,1.426997235,9.261515625,Walking
8.924867188,1.745655274,8.924867188,Walking
8.865148438,1.627741448,8.865148438,Walking
8.6958125,1.186786126,8.6958125,Walking
8.845742188,1.133520251,8.845742188,Walking
8.938515625,1.4051819,8.938515625,Walking
5,0,5,Walking
5,0,5,Walking
5,0,5,Walking
5,0,5,Walking
5,0,5,Walking
5,0,5,Walking
5,0,5,Walking
5,0,5,Walking
5,0,5,Walking
5,0,5,Walking
5,0,5,Walking
5,0,5,Walking
5,0,5,Walking
5,0,5,Walking
5,0,5,Walking
5,0,5,Walking
5,0,5,Walking
5,0,5,Walking
5,0,5,Walking
5,0,5,Walking
5,0,5,Walking
5,0,5,Walking
5,0,5,Walking
5,0,5,Walking
5,0,5,Walking
5,0,5,Walking
5,0,5,Walking
5,0,5,Walking
5,0,5,Walking
5,0,5,Walking
5,0,5,Walking
5,0,5,Walking
5,0,5,Walking
5,0,5,Walking
5,0,5,Walking
5,0,5,Walking
5,0,5,Walking
5,0,5,Walking
5,0,5,Walking
5,0,5,Walking
5,0,5,Walking
5,0,5,Walking
5,0,5,Walking
5,0,5,Walking
5,0,5,Walking
5,0,5,Walking
5,0,5,Walking
5,0,5,Walking
5,0,5,Walking
5,0,5,Walking
5,0,5,Walking
5,0,5,Walking
5,0,5,Walking
5,0,5,Walking
5,0,5,Walking
5,0,5,Walking
5,0,5,Walking
5,0,5,Walking
5,0,5,Walking
5,0,5,Walking
5,0,5,Walking
5,0,5,Walking
5,0,5,Walking
5,0,5,Walking
5,0,5,Walking
5,0,5,Walking
5,0,5,Walking
5,0,5,Walking
5,0,5,Walking
5,0,5,Walking
5,0,5,Walking
5,0,5,Walking
5,0,5,Walking
5,0,5,Walking
5,0,5,Walking
5,0,5,Walking
5,0,5,Walking
5,0,5,Walking
5,0,5,Walking
5,0,5,Walking
5,0,5,Walking
5,0,5,Walking
5,0,5,Walking
5,0,5,Walking
5,0,5,Walking
5,0,5,Walking
5,0,5,Walking
5,0,5,Walking
5,0,5,Walking
